sweep,di,dj,dk,r_mm,n_rv,n_lv,tau_rv,tau_lv,d_rv_lv,tau_rv_err,tau_lv_err,chi_rv,chi_lv,tail_rv,tail_lv,tail_d
baseline,0,0,0,0.0,2361542,1950329,1.6995069999918477,1.3958689871228738,0.30363801286897396,0.17152349327052624,0.12974503239639565,2.7663084621062826,2.165940919758792,2.0831368971678623,1.871932432371731,0.2112044647961313
grid3,-3,-3,-3,8.51325858787314,2559730,1916020,1.5798061208066845,1.4575739822025113,0.12223213860417315,0.1577476781328041,0.14185347081168204,2.8296883450863968,2.3151462565054004,1.8229540680003338,1.8947992163482732,-0.07184514834793942
grid3,-3,-3,-2,7.677444157135192,2544230,1918998,1.5701016035901687,1.4485951016218688,0.12150650196829993,0.15496198448259318,0.14186054176648275,2.8239051895951373,2.375472309869305,1.8667371616865147,1.9548227748810811,-0.08808561319456643
grid3,-3,-3,-1,7.1290739221226636,2524955,1919090,1.5846828509112958,1.4866371647686791,0.09804568614261666,0.1547689395271667,0.14770453870181222,2.735498150433185,2.4109402357049796,2.0429291773518377,1.6684509027601213,0.37447827459171634
grid3,-3,-3,0,6.936657003735742,2502086,1915245,1.6438164387664072,1.4522241727450882,0.19159226602131896,0.15821147367193453,0.14454223817334494,2.710952640941194,2.306478658822816,2.019859582356717,1.6263936554727378,0.3934659268839791
grid3,-3,-3,1,7.1290739221226636,2475447,1907721,1.7289529535977655,1.5190915256877937,0.20986142790997175,0.1713218304746371,0.1570713980806213,2.757404262093001,2.273811546583174,2.126812712607658,1.6399319773970755,0.4868807352105824
grid3,-3,-3,2,7.677444157135192,2445650,1896047,1.7684645619705077,1.5518023114774109,0.21666225049309684,0.17868514966715948,0.15645161954213624,2.7594255721483125,2.189910882832346,2.1235413712463225,1.523554947962207,0.5999864232841154
grid3,-3,-3,3,8.51325858787314,2414317,1881288,1.7127433875491136,1.4877031788752364,0.2250402086738772,0.17134147803075572,0.14808738730955,2.8033693400512663,2.2057228481943647,2.1051273768468843,1.5742434483654877,0.5308839284813966
grid3,-3,-2,-3,7.6859901153968595,2520318,1920974,1.5619462823033505,1.4043753504926315,0.15757093181071902,0.1530941084818623,0.13561184355104194,2.7616434890982036,2.4184254991398517,1.800301770256285,2.010577016686023,-0.21027524642973794
grid3,-3,-2,-2,6.748482870683732,2506071,1925656,1.6062385336096145,1.4414423452936835,0.164796188315931,0.15657005776549462,0.13958334600124567,2.7700569264288526,2.3944860733979696,1.957766425714585,1.9897733746640427,-0.03200694894945766
grid3,-3,-2,-1,6.117398732882455,2488527,1926693,1.6151269662419807,1.4115316410030603,0.20359532523892043,0.1539692768523929,0.13664299629646304,2.817188439287114,2.3792522234397726,1.8219225638488796,1.4917261082263054,0.33019645562257427
grid3,-3,-2,0,5.892035527511571,2465815,1922986,1.6779231667571608,1.4495803912362568,0.22834277552090398,0.16428624500507952,0.14423275553857756,2.747712603967654,2.405817536901162,1.989854805469525,1.6507109977322012,0.3391438077373239
grid3,-3,-2,1,6.117398732882455,2439176,1915841,1.6972723719014617,1.492814841695858,0.20445753020560375,0.1678154226052018,0.15015869808007173,2.747228558350109,2.3583590062678255,2.1584098536663645,1.7060983826124463,0.4523114710539182
grid3,-3,-2,2,6.748482870683732,2410480,1905680,1.6651637388078369,1.5277785887880173,0.13738515001981955,0.1664007702541686,0.15468610040344197,2.8173425627080197,2.278531476476127,2.187811737135625,1.5228201164206923,0.6649916207149327
grid3,-3,-2,3,7.6859901153968595,2378915,1890862,1.7027160010711977,1.5732251548162177,0.12949084625497997,0.1731944794643689,0.16351727963855708,2.811226448299443,2.1362825932057876,2.066300884956848,1.5542276350628437,0.5120732498940042
grid3,-3,-1,-3,7.143792229339239,2474102,1923285,1.5646467424795465,1.4091502881362,0.15549645434334658,0.15840513567490597,0.1341518435833737,2.715567105209684,2.3891347289298968,1.8060476577799023,1.5605359064256832,0.2455117513542191
grid3,-3,-1,-2,6.123834127236074,2460145,1928311,1.6036771094691415,1.43798822305845,0.16568888641069157,0.15922926248544528,0.13474078386847782,2.8533047478987688,2.3258748359512516,2.1159434965902397,1.4810784241566917,0.6348650724335481
grid3,-3,-1,-1,5.420506491008134,2442032,1930036,1.6053991409955735,1.43209096096314,0.17330818003243342,0.1571877623343044,0.13736004446158911,2.8679261776043563,2.3403262151654776,2.0056229336903066,1.6977692583691293,0.30785367532117736
grid3,-3,-1,0,5.164823909819968,2420737,1927437,1.6903956968426783,1.472178526105616,0.21821717073706237,0.16986305256555215,0.14284717145960835,2.900377385271501,2.3811533123830095,1.8757503078201285,1.7402146173472282,0.13553569047290037
grid3,-3,-1,1,5.420506491008134,2394958,1921511,1.703808362461153,1.5294660498860926,0.1743423125750605,0.171178852423735,0.15126779864622178,2.798346428785302,2.3722926007387293,2.058403814498355,1.71648400423494,0.3419198102634151
grid3,-3,-1,2,6.123834127236074,2367071,1912461,1.6816022734084668,1.5525534995138877,0.12904877389457914,0.17389917343423456,0.15372118652838715,2.7327856850693024,2.2423659428464036,2.097764021046218,1.6766729904027355,0.4210910306434823
grid3,-3,-1,3,7.143792229339239,2336064,1898685,1.6592759837306916,1.5714751886736604,0.0878007950570312,0.17169781703230902,0.1603971639240536,2.857157480381469,2.167503342267079,2.372005156856458,1.7759840142588375,0.5960211425976207
grid3,-3,0,-3,6.953671107405366,2418654,1921200,1.622317922554646,1.4450522466959415,0.17726567585870456,0.1654179423716234,0.1372171416205567,2.7190472628993048,2.3361557239090143,1.8322498274203058,1.6654081536116734,0.16684167380863246
grid3,-3,0,-2,5.900942202046864,2405821,1927703,1.6156939614318042,1.399553937552305,0.21614002387949927,0.16207965122199267,0.1293703273769184,2.791792791256167,2.387252967090512,2.011430547563737,1.6359246233610716,0.37550592420266526
grid3,-3,0,-1,5.167365389931102,2387883,1930218,1.5781574329646137,1.4315640714696367,0.14659336149497704,0.15839919270506794,0.13083890679538235,2.8135504112065206,2.3507949637291317,2.009999073706658,1.665521123188902,0.3444779505177562
grid3,-3,0,0,4.89848757,2367212,1928732,1.593591118165901,1.4439086174375353,0.14968250072836575,0.16285478613401597,0.13437768411535506,2.905217088272074,2.3695719132905704,1.7949997359755503,1.7160146150123525,0.07898512096319776
grid3,-3,0,1,5.167365389931102,2342839,1923316,1.639830779127227,1.534450793279952,0.10537998584727504,0.16528543528034426,0.1474024040421837,2.8098070919748177,2.3190677620026836,1.9778332276267951,1.9857509746257,-0.007917746998904907
grid3,-3,0,2,5.900942202046864,2315179,1914935,1.6588138333044737,1.622107350193464,0.03670648311100977,0.17696355225679092,0.15791589354641317,2.7166642512706707,2.292198451799754,1.8725646727697676,1.8383631657347292,0.034201507035038325
grid3,-3,0,3,6.953671107405366,2284977,1902727,1.686421322419344,1.565768314888923,0.12065300753042107,0.17745578988367788,0.15085010958839695,2.7385558609161134,2.209101844228934,1.977145213103994,1.8308419639474327,0.14630324915656123
grid3,-3,1,-3,7.143792229339239,2356731,1917488,1.5922899549065719,1.3954593876313925,0.19683056727517934,0.16326523945427668,0.12976409756014548,2.804406879655759,2.340312724925779,1.9985749466488238,1.7238074466620796,0.2747674999867442
grid3,-3,1,-2,6.123834127236074,2342771,1923906,1.5826589958045685,1.434268952329311,0.14839004347525742,0.1619031616459093,0.1339642053645045,2.8127473526353235,2.4263667328409153,2.0080010029314397,1.6918926183290288,0.31610838460241086
grid3,-3,1,-1,5.420506491008134,2326375,1927477,1.6208723613328917,1.450956378759051,0.16991598257384077,0.1667481031901588,0.13002845038621008,2.8709154655685705,2.4007973168272243,1.8057811096470984,1.7828760423699042,0.022905067277194213
grid3,-3,1,0,5.164823909819968,2305861,1926943,1.603761232427149,1.444116829409112,0.15964440301803706,0.16675649628432834,0.12960157207082385,2.8358648639719926,2.425642856166437,1.9869857608864119,1.9997433685214658,-0.012757607635053958
grid3,-3,1,1,5.420506491008134,2282022,1922849,1.5720680384959669,1.4661513879596362,0.1059166505363307,0.1619382309700254,0.1335385970784935,2.817558795913363,2.397987696154731,1.8305688039258041,2.014549001525386,-0.18398019759958206
grid3,-3,1,2,6.123834127236074,2254908,1914807,1.5963711340964,1.5431380894692808,0.0532330446271192,0.16817628385921812,0.14612162000807316,2.8490338377307487,2.3444048878049544,1.8747702012547856,1.978164953739586,-0.10339475248480046
grid3,-3,1,3,7.143792229339239,2225169,1903853,1.6331122525867416,1.5696565115993393,0.06345574098740236,0.17400930718010243,0.1501074715900079,2.7677874385828187,2.245702998636508,1.8774633443028974,1.6515625240814087,0.22590082022148872
grid3,-3,2,-3,7.6859901153968595,2288666,1910037,1.5550390836718466,1.4402176282404975,0.11482145543134914,0.1624980728440366,0.13275697272822046,2.779771004945878,2.404289425476826,1.81878441138349,1.805389684007023,0.013394727376466964
grid3,-3,2,-2,6.748482870683732,2275222,1917756,1.5544529450186435,1.4356185931512548,0.11883435186738867,0.16539748911483082,0.1292834221805533,2.922398049032478,2.4301807520566268,2.0206299548699036,1.765136179753477,0.25549377511642657
grid3,-3,2,-1,6.117398732882455,2258469,1922300,1.5593747239625118,1.4435833299354428,0.11579139402706895,0.16628119163026647,0.12882788596823408,2.949236813358087,2.507514581357103,1.8026829467967258,2.6401225642715573,-0.8374396174748315
grid3,-3,2,0,5.892035527511571,2238350,1922316,1.5996290480658577,1.438850129692746,0.16077891837311165,0.17064758067180397,0.12511250513851366,2.8428651112049703,2.4561311692648675,1.761702312103836,1.8059801654086198,-0.04427785330478384
grid3,-3,2,1,6.117398732882455,2214893,1918944,1.59651889869495,1.4667431433806726,0.12977575531427732,0.1750802565357736,0.1315986282017578,2.8899572385259886,2.36459715456595,1.8053149783664055,2.0260750793680278,-0.22076010100162224
grid3,-3,2,2,6.748482870683732,2188506,1911809,1.6349891647971662,1.5064088181043738,0.1285803466927924,0.17760350097879762,0.13973759086567902,2.9267669716700713,2.378641448458129,1.8881618542785452,2.0332421885354184,-0.14508033425687317
grid3,-3,2,3,7.6859901153968595,2160378,1901384,1.6197417338743259,1.5581589665041318,0.06158276737019408,0.17499147566998058,0.14932023053494814,2.829469663272073,2.267322909675424,1.9884194361553327,1.678924268378456,0.3094951677768767
grid3,-3,3,-3,8.51325858787314,2215254,1899865,1.511353630836035,1.4323573426789882,0.07899628815704673,0.16073816617903317,0.13137753029070148,2.8206469866510666,2.453009536698118,2.0080116282781506,2.2107923838444195,-0.20278075556626884
grid3,-3,3,-2,7.677444157135192,2201756,1907872,1.5170941526616122,1.4244588710676063,0.09263528159400591,0.16676814222562608,0.12981324569462677,2.798455841503923,2.4424880352718543,1.850115179280023,1.8174512922433765,0.032663887036646466
grid3,-3,3,-1,7.1290739221226636,2185194,1913043,1.6182255877066734,1.4146404122509941,0.20358517545567922,0.18518294882380631,0.12485945161192029,2.8155475845147255,2.481886528860186,1.9429137717842586,1.6821147775339274,0.26079899425033126
grid3,-3,3,0,6.936657003735742,2165642,1914388,1.6154359087962504,1.462909153582687,0.1525267552135634,0.17999530471726136,0.13025210351769587,2.758715124955027,2.4125420527052834,1.883251477474397,2.060763301393773,-0.17751182391937625
grid3,-3,3,1,7.1290739221226636,2142868,1911767,1.597821017888636,1.4396987493370452,0.15812226855159084,0.1777157090763964,0.13129711865051907,2.9310963655299718,2.264497611579537,1.8711472248955783,2.077275235129191,-0.2061280102336127
grid3,-3,3,2,7.677444157135192,2117876,1905587,1.6305255936518366,1.4907896884229286,0.139735905228908,0.1792300800207304,0.139521546653744,2.8383509773584663,2.2799765634873723,1.9311359200490232,1.8774753010623675,0.05366061898665575
grid3,-3,3,3,8.51325858787314,2090134,1896420,1.6231505197884304,1.5011230711624284,0.12202744862600201,0.17646734771558528,0.14261412574338383,2.9054837125814355,2.190207661947817,1.992801099546068,2.014239187667111,-0.021438088121042975
grid3,-2,-3,-3,7.690573188353096,2563155,1931666,1.6346574026812901,1.437969578647973,0.1966878240333172,0.16296922850438494,0.1391118584200866,2.906104297071679,2.2946272197048936,1.8816806816938867,1.898599129632358,-0.016918447938471415
grid3,-2,-3,-2,6.753702167504058,2546348,1933812,1.5953315697345583,1.4195099728242682,0.1758215969102901,0.1588066159201218,0.13606852460478774,2.9019445163433684,2.328251834557301,1.982643970555455,1.8250147894566033,0.1576291810988517
grid3,-2,-3,-1,6.123155981069659,2526017,1932845,1.5595581229406068,1.4142063131519529,0.14535180978865392,0.14620736746493632,0.13773860708707675,2.870563669613361,2.2896232434620227,1.904428357342411,1.6050099552651986,0.2994184020772124
grid3,-2,-3,0,5.898012764389023,2501589,1927219,1.6764748830683212,1.4661977442329823,0.21027713883533883,0.1622792595390832,0.14859522709543696,2.760597569321924,2.3034176264361497,1.9859139885925225,1.6966915088873133,0.2892224797052092
grid3,-2,-3,1,6.123155981069659,2473564,1917796,1.6940281560856136,1.4852651622020712,0.20876299388354247,0.1677248421819485,0.14730500384212078,2.678216797540227,2.2440065020899755,2.0186896588052177,1.611366033034938,0.4073236257702797
grid3,-2,-3,2,6.753702167504058,2443386,1905735,1.7496524846469368,1.514510454987701,0.2351420296592357,0.17584196458670887,0.1526125627657455,2.6788430561516896,2.277015128689714,2.2142729872287874,1.521542625096839,0.6927303621319485
grid3,-2,-3,3,7.690573188353096,2410795,1889859,1.7630651729673634,1.4603565904315072,0.3027085825358562,0.1799958347286237,0.14251937732828324,2.717040612856084,2.2546160255275907,2.056168342731761,1.564987385929731,0.4911809568020302
grid3,-2,-2,-3,6.763415426794213,2524617,1936518,1.5991047495152702,1.422839394170158,0.17626535534511212,0.15836228862702334,0.1360739892445034,2.7952348036610863,2.2886681424273294,1.985209695348533,1.623518212036247,0.36169148331228596
grid3,-2,-2,-2,5.675505725248761,2509006,1939861,1.608411807073288,1.4271160393054452,0.18129576776784284,0.15602518086950246,0.13639614731735997,2.829934990707449,2.309757190450864,1.8914691840058864,1.5956487024297432,0.29582048157614316
grid3,-2,-2,-1,4.908351193475419,2489474,1939111,1.6012085140721553,1.4383145129715773,0.16289400110057795,0.1547457497618105,0.13843957618225336,2.863713866634664,2.4108258879396147,1.8591400154202833,1.6501478842248674,0.20899213119541593
grid3,-2,-2,0,4.6244380024904945,2465337,1934513,1.6891787895324313,1.4890695194335286,0.20010927009890267,0.16611332871296453,0.1481153242640607,2.7694590528588923,2.387222920943932,1.9100715564116526,1.7041663174453887,0.2059052389662639
grid3,-2,-2,1,4.908351193475419,2438772,1926012,1.7027091929686495,1.522628065076541,0.18008112789210862,0.17086063222386233,0.15297260238399313,2.7323855755093347,2.296947845855401,2.166585210868876,1.5996691656278235,0.5669160452410527
grid3,-2,-2,2,5.675505725248761,2408138,1914378,1.7708542605708466,1.4965743747464257,0.27427988582442087,0.17939827106260042,0.15211379531920488,2.650612708999486,2.2494451554177988,2.1037593735033697,1.6174568685157777,0.486302504987592
grid3,-2,-2,3,6.763415426794213,2375789,1899754,1.7139134628003803,1.4796364694762443,0.23427699332413598,0.17444335212017242,0.14997351240485937,2.824268150300773,2.2625209148733862,2.0217864551577107,1.584728991268043,0.4370574638896678
grid3,-2,-1,-3,6.140285954040529,2477148,1938585,1.5695917552703451,1.3806484499503517,0.18894330531999337,0.153187871144613,0.12715622388943898,2.8059979842094243,2.3427403447699287,1.8032618214046954,1.6425916534819178,0.16067016792277755
grid3,-2,-1,-2,4.9163694530945214,2462189,1942493,1.577004354715151,1.3941897992674144,0.18281455544773673,0.15316615438964376,0.13080088523325367,2.959930163827988,2.3108146757615797,2.114845683555323,1.6875969497659262,0.42724873378939665
grid3,-2,-1,-1,4.006399231289992,2443823,1942586,1.6265947114884443,1.4412981333661554,0.18529657812228884,0.16060655729147721,0.13756229390606947,2.8506440429102042,2.2969610865724785,1.938166546528542,1.7005125784501562,0.2376539680783858
grid3,-2,-1,0,3.653046701161612,2421311,1938492,1.709406895435976,1.4618009803401808,0.24760591509579521,0.17188809991959186,0.13958262303157404,2.870924911524923,2.348797824588735,1.864363293612039,1.6719263421801691,0.19243695143186978
grid3,-2,-1,1,4.006399231289992,2394497,1931363,1.686915556684098,1.5380467694539066,0.14886878723019148,0.16840946628847492,0.1515549599079597,2.6805896918717664,2.2439335847516606,1.9333501442526078,1.710398892913007,0.2229512513396008
grid3,-2,-1,2,4.9163694530945214,2364944,1920592,1.7028409618138507,1.540329494242548,0.16251146757130264,0.1736601840703042,0.15255906731564872,2.773842183449791,2.167539321369631,2.0243820791936686,1.6308921239531404,0.3934899552405282
grid3,-2,-1,3,6.140285954040529,2332783,1907131,1.6809800381975932,1.5516340034585263,0.12934603473906692,0.17086200517823816,0.15270772677778208,2.874824412720562,2.169680305995928,2.011555666750966,1.601793119874215,0.40976254687675095
grid3,-2,0,-3,5.918013691381923,2421798,1937082,1.6112598461340757,1.398170238054826,0.2130896080792497,0.1633349521094381,0.12935340733096234,2.8104949933797756,2.3214425445554023,1.8783013583129333,1.6921488394235826,0.1861525188893507
grid3,-2,0,-2,4.6357807382702445,2407692,1941752,1.5846806922692398,1.3675413973039896,0.2171392949652502,0.1588937285282193,0.12454272303778612,2.783861873154376,2.367652209699979,1.9742505486360495,1.6833114895468377,0.2909390590892118
grid3,-2,0,-1,3.656639065381969,2389534,1942760,1.6383836076842486,1.4545087537623194,0.18387485392192926,0.1638677844147388,0.13542032778596627,2.7890798390371674,2.3471063517710973,1.9870981193101271,1.7017821623276124,0.2853159569825148
grid3,-2,0,0,3.26565838,2367250,1939834,1.6385658307157946,1.4890926728838976,0.14947315783189707,0.16578099958428638,0.14001156409353807,2.8176265869994896,2.28226165199043,2.085704674083566,1.9541885273278885,0.13151614675567758
grid3,-2,0,1,3.656639065381969,2341164,1933448,1.6744630530990303,1.4553616150986894,0.21910143800034088,0.16611069515949972,0.13696298240497656,2.726719381056699,2.294255932565671,2.0451706263030194,1.8069814782840787,0.23818914801894064
grid3,-2,0,2,4.6357807382702445,2312691,1923551,1.732541480708883,1.5063037756398228,0.22623770506906027,0.1798566916343591,0.14570285194152838,2.6777070692681075,2.2137286847413256,1.8974323313907788,1.7216667685019342,0.1757655628888446
grid3,-2,0,3,5.918013691381923,2281595,1910817,1.74621715347719,1.555072780689615,0.191144372787575,0.18383267155482483,0.15395263899511905,2.6698888619968084,2.2840385253071065,1.9934324149606546,1.6683934251906871,0.3250389897699675
grid3,-2,1,-3,6.140285954040529,2359410,1932873,1.5737092357867013,1.4007486448170852,0.17296059096961613,0.1616820638031992,0.12976474316869957,2.8476135752232996,2.3554606810853587,2.0226496409716774,1.7191733151362822,0.3034763258353952
grid3,-2,1,-2,4.9163694530945214,2345458,1938751,1.6023456719842115,1.4097083413511595,0.192637330633052,0.16264389701468507,0.1287495981758467,2.9129572642949295,2.3465215869349225,2.045270126673363,1.7156445686840478,0.32962555798931503
grid3,-2,1,-1,4.006399231289992,2327695,1940300,1.5786731676742087,1.4161900723826726,0.16248309529153615,0.16148199157562257,0.12891857483185934,2.878473802256843,2.3019456083737526,1.7878474456057203,1.72456214375964,0.06328530184608039
grid3,-2,1,0,3.653046701161612,2306492,1938092,1.583293885722565,1.4309845672317814,0.15230931849078355,0.1622591509369864,0.13158417495111102,2.7439872656655724,2.383916663703102,1.8237229228559377,1.6631197380042455,0.16060318485169223
grid3,-2,1,1,4.006399231289992,2281275,1933167,1.6280436616479594,1.4634617800406349,0.16458188160732456,0.1658926867809661,0.13583423640574682,2.820322664644231,2.3104921630883504,1.9191292435942342,2.024608260156709,-0.1054790165624746
grid3,-2,1,2,4.9163694530945214,2253192,1924310,1.647057150719971,1.488969349650438,0.15808780106953302,0.17607428257155294,0.14154825014230576,2.7249896532309514,2.354928796755627,1.8287322102692531,1.7380023080280327,0.09072990224122046
grid3,-2,1,3,6.140285954040529,2223092,1911963,1.6443546487297176,1.5249863753512958,0.11936827337842182,0.1750391798752193,0.1481530900525398,2.742700425323637,2.2651896678717898,1.974413811719873,1.6483929647672075,0.32602084695266553
grid3,-2,2,-3,6.763415426794213,2291607,1925171,1.577921421270838,1.4233620154275386,0.1545594058432993,0.16344600692926,0.132479504384424,2.8538073619392246,2.4138408229136994,2.0316462905894963,1.7664413303614765,0.26520496022801976
grid3,-2,2,-2,5.675505725248761,2276274,1932161,1.574761089725371,1.4569791660057512,0.11778192371961982,0.16660065432252644,0.13344460595670313,2.814314678182793,2.510851305734673,2.0582345908413617,2.0812345832054864,-0.022999992364124644
grid3,-2,2,-1,4.908351193475419,2259266,1935140,1.574825719105746,1.459915722558826,0.11490999654692002,0.16706884411689307,0.13146778065078538,2.7840822966489878,2.44535569982236,1.8972457613967115,2.013318351726803,-0.11607259033009165
grid3,-2,2,0,4.6244380024904945,2238655,1934006,1.6384118553976428,1.4619836074098196,0.1764282479878232,0.1770405467563992,0.13375241116968303,2.7373337935263007,2.4180926359181023,1.8556097917897503,1.865803816027515,-0.01019402423776472
grid3,-2,2,1,4.908351193475419,2214318,1928917,1.6181207291371427,1.4288231381417817,0.18929759099536092,0.1756961030905375,0.1315984044887764,2.870452621354753,2.367942287540905,1.8085063600084672,2.0858311506167606,-0.2773247906082934
grid3,-2,2,2,5.675505725248761,2187007,1921028,1.608079554475112,1.454885014256544,0.15319454021856815,0.1752485599054732,0.13930409427098409,2.861285013227703,2.2568198201705987,1.8575325032762502,1.7943084461153762,0.06322405716087398
grid3,-2,2,3,6.763415426794213,2157599,1909534,1.5761390645120588,1.5145583604166866,0.061580704095372196,0.16935586761422605,0.14645103866725817,2.893151393387506,2.1852547012551726,2.04381438368679,1.6539555864594848,0.3898587972273053
grid3,-2,3,-3,7.690573188353096,2217092,1915922,1.509971680245406,1.442137151397038,0.06783452884836794,0.1617425382859439,0.13690310854357077,2.723212638867959,2.378243903337828,1.9757322482092337,1.9937654507704752,-0.018033202561241524
grid3,-2,3,-2,6.753702167504058,2202808,1921964,1.512877111163598,1.429566165780693,0.08331094538290484,0.1711335332844584,0.13273668287485563,2.783493668911261,2.3907664773220954,1.916056858662138,1.7989440454720425,0.11711281319009559
grid3,-2,3,-1,6.123155981069659,2185605,1925934,1.602894619918263,1.428041814632458,0.17485280528580494,0.18097240006377377,0.13080990435369813,2.786573626894529,2.4317148113914824,1.8807039928145175,2.0845810239106086,-0.20387703109609112
grid3,-2,3,0,5.898012764389023,2165186,1925971,1.6636060532612378,1.4355675758824724,0.22803847737876537,0.19180628808278463,0.13061014055311593,2.8610820839588422,2.420619920824098,1.9220173763841277,2.0886948261438434,-0.16667744975971566
grid3,-2,3,1,6.123155981069659,2141918,1922016,1.632770113951415,1.4529334113979033,0.1798367025535117,0.18823183864039736,0.13300135565554216,2.9696857090127944,2.2669896287298235,1.9106099734751667,2.088026455858313,-0.17741648238314633
grid3,-2,3,2,6.753702167504058,2115565,1914735,1.628087248053346,1.4319292445993455,0.19615800345400047,0.18235980211836533,0.13353865508772614,2.9230878050087004,2.2321491236653075,2.0464506979775843,1.9882302941033607,0.05822040387422356
grid3,-2,3,3,7.690573188353096,2087451,1905151,1.6036486171754276,1.430037450000009,0.17361116717541858,0.17782819889943455,0.13487676250409175,2.917037521543525,2.171837583128949,2.190635837257683,1.765714630590516,0.42492120666716704
grid3,-1,-3,-3,7.1516796960062,2564313,1944111,1.6385159503113969,1.4459519261694473,0.1925640241419495,0.1636518327833845,0.14191609845103742,2.9045840294980145,2.2286846159025306,1.9404434362154561,1.5371139943277128,0.40332944188774333
grid3,-1,-3,-2,6.133033464461192,2546889,1944575,1.6306507499055571,1.4171394621497422,0.21351128775581496,0.1637249655425983,0.13494711665001394,2.890747536866728,2.2843944586920446,2.058506377388152,1.5718255708278905,0.48668080656026125
grid3,-1,-3,-1,5.430897317880441,2524479,1941397,1.6466877255047254,1.4436732423672816,0.20301448313744386,0.1635721815851781,0.14409500889957919,2.853800917095295,2.3218776392153595,1.9718965212380524,1.6528990232698253,0.3189974979682271
grid3,-1,-3,0,5.175728072237535,2499261,1934679,1.704282700447291,1.467965481779389,0.2363172186679019,0.1688521601193848,0.14826171137208072,2.742202527077236,2.2824367698969623,2.0951884776689735,1.6176742343108101,0.4775142433581634
grid3,-1,-3,1,5.430897317880441,2469947,1924419,1.7125753742616536,1.4803270362678362,0.2322483379938174,0.16931980014381415,0.147424392895655,2.6159102894639443,2.246043528465799,2.035140406364388,1.6079291552033297,0.4272112511610584
grid3,-1,-3,2,6.133033464461192,2438723,1911227,1.7801675748928025,1.475994424553432,0.30417315033937053,0.18143824322521532,0.1480790792800245,2.664632651809397,2.22452996867941,2.8514835669565683,1.4663053898410014,1.385178177115567
grid3,-1,-3,3,7.1516796960062,2404545,1895055,1.716115272663632,1.4516581029123015,0.2644571697513305,0.17605090303530488,0.14209390233850974,2.7376430051279868,2.1811834301362434,2.0572198509564106,1.5999315527680569,0.4572882981883537
grid3,-1,-2,-3,6.143728081893743,2526179,1948973,1.6220232383404871,1.382815860931794,0.23920737740869313,0.16125433696305927,0.1315053317729956,2.8701950282029025,2.289033348370333,2.074892162906159,1.6381090084299004,0.4367831544762586
grid3,-1,-2,-2,4.92066781506162,2509812,1950085,1.6182120721066626,1.4380299567409383,0.18018211536572437,0.15978965435368503,0.1351482954099445,2.9798565473141276,2.279971015023813,2.0136649882345727,1.5474716532352015,0.4661933349993712
grid3,-1,-2,-1,4.01167271189256,2488273,1947081,1.6540989892297648,1.417199613517517,0.23689937571224773,0.16309316730696846,0.13474366360362094,2.8604345487229548,2.318621701400098,2.0585376430939277,1.6944701518622665,0.36406749123166127
grid3,-1,-2,0,3.6588295051464352,2463682,1941238,1.7149577217032284,1.4717989067198234,0.24315881498340497,0.17445214322600025,0.1431136107645238,2.738420986622613,2.253549540758471,2.080456243547482,1.5633431061204315,0.5171131374270506
grid3,-1,-2,1,4.01167271189256,2434941,1932484,1.7032240861530714,1.4929576648568996,0.2102664212961718,0.1715995830189385,0.15183019961877656,2.703894474239439,2.2177240806424994,2.0661589627407593,1.5763561316068915,0.4898028311338678
grid3,-1,-2,2,4.92066781506162,2403347,1919945,1.7233026612040183,1.4575764416163293,0.26572621958768905,0.17399241947255256,0.1471346640368175,2.718073948750885,2.2100284723224526,2.0808816388380937,1.59458866793935,0.4862929708987438
grid3,-1,-2,3,6.143728081893743,2370199,1904476,1.729615085726699,1.4504373117021998,0.27917777402449917,0.17488136803038157,0.14628164700005725,2.8154864907481256,2.2157767777134736,2.048061858671098,1.5832455274934054,0.4648163311776925
grid3,-1,-1,-3,5.450203492186254,2478773,1950915,1.647790150648844,1.358902248212981,0.28888790243586304,0.16410027878170239,0.1227649124617905,2.8855682145132335,2.2571387722735228,2.0065483120989747,1.638940703501759,0.36760760859721575
grid3,-1,-1,-2,4.02147921891594,2462962,1952644,1.6178768937378911,1.3645410115019674,0.25333588223592374,0.15631943453202427,0.1246166970161726,2.892891008667835,2.265301202610975,1.9886302003691372,1.6872743530320538,0.3013558473370834
grid3,-1,-1,-1,2.8377528626243804,2442972,1950546,1.6304337082788976,1.40660434229855,0.22382936598034764,0.16226787462923298,0.13169498474093452,2.8633935926792597,2.3385632186980736,2.0820172552484384,1.7175640188420715,0.36445323640636684
grid3,-1,-1,0,2.3122190012452473,2418610,1945367,1.6734645147157134,1.4630390546423968,0.21042546007331664,0.16830307583286683,0.14196498775312055,2.7542441859721603,2.233471654181132,2.114580311017871,1.7862287624653426,0.32835154855252857
grid3,-1,-1,1,2.8377528626243804,2391597,1937625,1.7282601485591567,1.4547118774167984,0.27354827114235825,0.17562270748636769,0.14119793819792173,2.7470116308917762,2.2358705882860126,2.156293007417756,1.7406778803886997,0.41561512702905623
grid3,-1,-1,2,4.02147921891594,2360882,1926267,1.7399973752460194,1.489553190900706,0.25044418434531335,0.1782158134500613,0.1477483697838152,2.7433783055023393,2.156350924451291,1.9823746691502968,1.6044601202712379,0.37791454887905895
grid3,-1,-1,3,5.450203492186254,2328008,1911328,1.7394465349508788,1.4743748595497557,0.2650716754011231,0.18089499649910387,0.1457005976084863,2.8178078318777438,2.294042891664811,1.8813539211817896,1.5491593109246107,0.3321946102571789
grid3,-1,0,-3,5.198508686174884,2423017,1949503,1.5870149826910198,1.3413192912915841,0.2456956913994357,0.16139926538944188,0.12239316545675562,2.921246191613042,2.3166466672181336,1.9878396134785319,1.7482857709527382,0.2395538425257937
grid3,-1,0,-2,3.673155259741853,2407776,1952104,1.6815812685243618,1.4092606072843403,0.2723206612400215,0.17321220431959136,0.12996087238224893,2.9097497546874176,2.2537005653978675,2.0828609477905613,1.7864695417867371,0.2963914060038242
grid3,-1,0,-1,2.3178903691351223,2388731,1951185,1.6370625836393633,1.4051060888391904,0.23195649480017289,0.16413396365917524,0.12929768896177155,2.6941122986419432,2.3530694110856003,1.9798462852376861,1.740015264595494,0.23983102064219208
grid3,-1,0,0,1.63282919,2365304,1947375,1.6728072207479523,1.4128158204061343,0.259991400341818,0.16704853589757854,0.13140852725767882,2.8108600532192973,2.295308040021112,2.10854479159898,1.7013410605520911,0.4072037310468888
grid3,-1,0,1,2.3178903691351223,2338531,1939670,1.6918941162756929,1.4081697214454785,0.2837243948302144,0.16998285991693574,0.13407158376846992,2.7817547476690914,2.2216651388199735,2.0135749868403603,1.7287993858527195,0.28477560098764076
grid3,-1,0,2,3.673155259741853,2308353,1929361,1.6620243897031612,1.4502341510157388,0.21179023868742242,0.169748573560933,0.13980303748676803,2.866373629524246,2.186750204911744,1.8898777106239404,1.628951675175069,0.2609260354488714
grid3,-1,0,3,5.198508686174884,2276624,1915215,1.7342589760443679,1.4594832102228186,0.2747757658215493,0.18170552157874326,0.14213270524799124,2.726751846808428,2.2497037135542786,1.9596528974052867,1.5497722915501346,0.40988060585515207
grid3,-1,1,-3,5.450203492186254,2360253,1945041,1.5936103114096565,1.401497417445981,0.19211289396367537,0.16911902874216736,0.13068173937658698,2.9227957002854126,2.2608500834363414,2.1417171014262633,1.7798043454055636,0.3619127560206996
grid3,-1,1,-2,4.02147921891594,2345130,1948991,1.6242260490958953,1.4230962324657208,0.20112981663017448,0.17114266247441967,0.13352360523093848,2.910749160501205,2.2991842673646925,2.056885560603215,1.8147698602904907,0.2421157003127241
grid3,-1,1,-1,2.8377528626243804,2327141,1948616,1.676580152358117,1.3877958275352744,0.28878432482284255,0.17403414901679284,0.12701161261721244,2.7953428617201257,2.3235582687151672,2.017725682632348,1.8006540022414548,0.2170716803908932
grid3,-1,1,0,2.3122190012452473,2304760,1945463,1.6742443638123585,1.4275976174821092,0.2466467463302493,0.1728459872895197,0.13426655184049852,2.7950419186306004,2.2804406550685075,1.8809882988407034,1.8021824782817746,0.07880582055892882
grid3,-1,1,1,2.8377528626243804,2277763,1938922,1.6719939231496388,1.4037960323084753,0.2681978908411635,0.17122244237497683,0.13479357894582336,2.8813604589047412,2.226137384394145,1.877581386074185,1.7481170917658035,0.12946429430838147
grid3,-1,1,2,4.02147921891594,2248891,1929189,1.6432082272869142,1.4672887531150234,0.1759194741718908,0.1716846623765065,0.14194866395537442,2.7772141854550005,2.1945225174998213,1.9105477738936951,1.7631517085800648,0.14739606531363036
grid3,-1,1,3,5.450203492186254,2217924,1916391,1.6877847218660702,1.461962860081681,0.22582186178438923,0.17996832271818333,0.14095738711731162,2.695333709261464,2.1844232202792266,2.0219659952835727,1.6853607929486856,0.3366052023348871
grid3,-1,2,-3,6.143728081893743,2291764,1937742,1.589841816046479,1.4162581020632468,0.17358371398323214,0.1667780926704773,0.13411468428907777,2.8259300879807943,2.310150498297466,1.9611748817976944,2.0814214496635564,-0.12024656786586196
grid3,-1,2,-2,4.92066781506162,2276847,1942190,1.5963644786797333,1.4585819849155683,0.13778249376416496,0.16930650848758333,0.13775240499814098,2.746043424134905,2.3902959480364445,1.901880378497689,1.8374654492818103,0.06441492921587866
grid3,-1,2,-1,4.01167271189256,2258010,1943396,1.6408989747004388,1.4607434412523557,0.1801555334480831,0.17341995652845207,0.13499783199234117,2.7811249570055185,2.355483998608969,1.8924575155784333,1.8565533894025428,0.03590412617589056
grid3,-1,2,0,3.6588295051464352,2236415,1941171,1.644454474732334,1.434156599539374,0.21029787519296006,0.17831986721788404,0.13224572056626224,2.8232447391101463,2.327511937568973,1.873446509916842,1.779303539781297,0.09414297013554496
grid3,-1,2,1,4.01167271189256,2211400,1935000,1.6777990604969928,1.3787827733951747,0.29901628710181805,0.18234261220313985,0.12995883590166718,2.8375100861842517,2.126429822628347,1.8783049007557278,1.8303086742890138,0.047996226466713976
grid3,-1,2,2,4.92066781506162,2183447,1926556,1.6180516739559454,1.411309251127502,0.20674242282844335,0.17634010695847735,0.1350517372401123,2.734626146269543,2.1267503024952874,1.8973086738666711,1.7878133013422743,0.10949537252439678
grid3,-1,2,3,6.143728081893743,2152685,1914085,1.5861020384264228,1.5044954850112624,0.08160655341516043,0.16661748640932902,0.14779527101288836,2.72897532161698,2.2156569324453463,1.9941722866029368,1.8290754569929115,0.16509682961002525
grid3,-1,3,-3,7.1516796960062,2217113,1928132,1.5568146566912382,1.3808826739222002,0.175931982769038,0.16852520863235676,0.1304740584594304,2.6696642774714463,2.3157653689733118,2.0973164766388352,2.1163605593615693,-0.019044082722734057
grid3,-1,3,-2,6.133033464461192,2201882,1932583,1.5797204742349913,1.4461859595959228,0.1335345146390685,0.17666061085465184,0.13908822409502783,2.707447544705458,2.368404336821285,1.9218711307693717,2.067915118199145,-0.1460439874297732
grid3,-1,3,-1,5.430897317880441,2184367,1934360,1.642776504872987,1.4727435841011054,0.1700329207718816,0.18904509679260312,0.14089327768874624,2.8281242910951514,2.346288366901283,2.0896329765581014,2.1754440812266007,-0.08581110466849928
grid3,-1,3,0,5.175728072237535,2162742,1933176,1.6303405971875597,1.4555220028750697,0.17481859431249003,0.1895538176099704,0.13508444637822897,2.8090511823201534,2.316460618975206,1.8563993283224929,1.8331650876834302,0.023234240639062653
grid3,-1,3,1,5.430897317880441,2138523,1928784,1.6279336021185562,1.4009882107936567,0.22694539132489955,0.19138707502939967,0.13057324206330034,2.8395944385098844,2.265899793322917,1.9578846150813718,1.8856555810187732,0.07222903406259862
grid3,-1,3,2,6.133033464461192,2111580,1921120,1.5759476845332048,1.405248827613547,0.1706988569196577,0.178128094368127,0.13117098688616954,2.80978665615715,2.229524908493531,2.000113759848446,1.8566231319702817,0.14349062787816447
grid3,-1,3,3,7.1516796960062,2082822,1909625,1.5956346237156716,1.4558500733933861,0.13978455032228543,0.17827990657935744,0.13722917458735565,2.8367167813674303,2.138283774388399,2.174369808151063,1.9005587076403632,0.2738111005106998
grid3,0,-3,-3,6.96278617440973,2563564,1952234,1.5645891859035772,1.328693556606868,0.23589562929670915,0.1562205571977477,0.12719452890964464,2.8792406942271307,2.201819924615841,1.9713513593873642,1.5359464918232428,0.43540486756412133
grid3,0,-3,-2,5.9116806673301285,2544852,1950637,1.6294590938717666,1.4208778893296836,0.20858120454208295,0.1636228799542424,0.13953413142325302,2.9376700305217525,2.2196808234409238,1.9743794439722417,1.5153298236641242,0.4590496203081176
grid3,0,-3,-1,5.179624939476304,2522013,1945799,1.670315109780222,1.3843269785270247,0.28598813125319733,0.16636846623249874,0.13636230454948664,2.8516792038987733,2.2227895596432306,1.9678848539772527,1.55004632274065,0.41783853123660264
grid3,0,-3,0,4.911418319999999,2494508,1937705,1.7506851447018776,1.446533953556184,0.30415119114569356,0.17915353319741453,0.14586987833151724,2.7197957703016424,2.1767118022760226,1.9680526918397145,1.59870508061953,0.36934761122018456
grid3,0,-3,1,5.179624939476304,2464201,1927636,1.7728286139957847,1.449073724049108,0.32375488994667667,0.1828023959725132,0.14574074035910048,2.7161602155838542,2.224670455369599,2.114248205357878,1.5693362702113554,0.5449119351465228
grid3,0,-3,2,5.9116806673301285,2431390,1914023,1.7641034230880843,1.4926265786096569,0.27147684447842746,0.18187818358328434,0.15512548855346228,2.7078358907897653,2.1453051829382646,2.121741973346435,1.6573125627735885,0.4644294105728466
grid3,0,-3,3,6.96278617440973,2396386,1897253,1.7441443995032218,1.425229986132734,0.31891441337048776,0.1794280770192814,0.14271941134483282,2.853279514173588,2.149747662270084,2.0871714635214462,1.6723227187198915,0.41484874480155476
grid3,0,-2,-3,5.9227749898619075,2525283,1957010,1.6976790194710978,1.3972679282685423,0.3004110912025555,0.16932346316151034,0.13198266020212543,2.991191032304239,2.229246061577142,2.04539000314771,1.5523768178386033,0.49301318530910665
grid3,0,-2,-2,4.641857449606487,2507824,1955815,1.6410912973579803,1.371653548731165,0.26943774862681535,0.16140229151146165,0.13114952741151226,2.960269076703578,2.258365544208296,1.9105505512666972,1.6617797912672527,0.24877075999944442
grid3,0,-2,-1,3.6643398837481422,2485075,1951546,1.6857203543530856,1.3948068604743142,0.2909134938787714,0.16981839057774029,0.1353443133352763,2.8653496286644864,2.283828705043042,2.1602172990885036,1.760205558736943,0.4000117403515606
grid3,0,-2,0,3.27427888,2459499,1944619,1.755417071211481,1.4392465517033168,0.3161705195081641,0.18071195338191998,0.141980619505238,2.7865781195469865,2.127549687691693,2.0811769751439266,1.6616650189638797,0.4195119561800469
grid3,0,-2,1,3.6643398837481422,2429166,1935453,1.7691407212111687,1.4382590563665052,0.3308816648446635,0.1831612495462025,0.14227796848039193,2.6943615733150184,2.107000324081041,2.1336258987889454,1.6276555509286477,0.5059703478602977
grid3,0,-2,2,4.641857449606487,2396908,1922322,1.7537127002660284,1.4209377490910065,0.332774951175022,0.1783275799439944,0.14186239721764998,2.6776829163532394,2.116618268646332,2.0097973721915374,1.6135678485827518,0.3962295236087856
grid3,0,-2,3,5.9227749898619075,2362773,1906605,1.7411541355619757,1.4474850307872933,0.29366910477468244,0.17427304710744734,0.14382473101856533,2.717335460412507,2.2627927357464057,2.299132133654875,1.5760344557237302,0.7230976779311447
grid3,0,-1,-3,5.199864127313634,2478368,1958713,1.6709744724007132,1.3821503808748632,0.28882409152585,0.16875919681975557,0.12877199232588837,2.8378079195987063,2.182152598692872,2.044322336801359,1.7422784252009806,0.30204391160037836
grid3,0,-1,-2,3.675073325044916,2460892,1958583,1.6699694128121267,1.4080035135375126,0.2619658992746141,0.17152631144027508,0.13026232781242114,2.827787737874009,2.1687683964734563,2.012312813501623,1.7482802112407008,0.2640326022609223
grid3,0,-1,-1,2.3209287248032435,2439951,1954739,1.7008428120359484,1.4037323016981396,0.2971105103378089,0.1741894064837828,0.13316643074817508,2.7968904092101328,2.1996187543902006,2.052584146462673,1.690100859567414,0.362483286895259
grid3,0,-1,0,1.63713944,2414559,1948048,1.7153621386378883,1.3982315786331965,0.31713056000469186,0.17474399306981922,0.13250724333943936,2.8010479741664347,2.197584015491691,2.1335972433597816,1.7041842727936989,0.42941297056608274
grid3,0,-1,1,2.3209287248032435,2385748,1939216,1.761369421402396,1.4121285714531195,0.3492408499492765,0.17852994551287016,0.1348669076808943,2.6568242828305824,2.1051084569743144,2.1026221229426647,1.632959618882001,0.4696625040606637
grid3,0,-1,2,3.675073325044916,2354422,1928140,1.807130689728173,1.4096152190536357,0.3975154706745372,0.18753313569091448,0.13676899213085558,2.6584729570148813,2.1494569572360565,2.0012128794215713,2.205014193794028,-0.20380131437245685
grid3,0,-1,3,5.199864127313634,2320746,1913012,1.765832924079397,1.4498192598916633,0.3160136641877338,0.18726378355470608,0.14539254783400887,2.7701039421108984,2.296734032723219,2.3317943758567434,1.8850622408238396,0.4467321350329039
grid3,0,0,-3,4.93541907,2422386,1957187,1.6654346836799863,1.3996888770628462,0.2657458066171401,0.17215801529176097,0.13110146152162275,2.9716314422208927,2.18384262721987,1.982250470738005,1.7574189489549996,0.22483152178300547
grid3,0,0,-2,3.29027938,2405588,1958511,1.7237870609689683,1.3799718212534327,0.3438152397155356,0.17834936399645898,0.12712236775136704,2.7322155641573906,2.2588119060979253,2.0640673543139587,1.7476936622615171,0.3163736920524416
grid3,0,0,-1,1.64513969,2385732,1955349,1.7037636175269777,1.4135109889098811,0.29025262861709655,0.17278517096028725,0.13089185701835646,2.707772792614933,2.2633565714167903,2.1145691861602924,1.7880685082599173,0.3265006779003752
grid3,0,0,1,1.64513969,2333549,1941882,1.7006863481251533,1.3921500002100116,0.30853634791514173,0.1737718849848209,0.13541006052133683,2.69648400963095,2.2039723965215017,1.9565292279277169,1.73109231041193,0.22543691751578687
grid3,0,0,2,3.29027938,2302651,1931404,1.714576934161612,1.4117835286799936,0.30279340548161837,0.1817045613690247,0.1402208163310853,2.7550840209737495,2.1470835547028053,1.993820977353708,1.6319888801185973,0.36183209723511056
grid3,0,0,3,4.93541907,2269756,1916463,1.7228401026438733,1.4779919940950716,0.24484810854880168,0.179336519245126,0.14589737982462064,2.6941549871674346,2.217059478849164,1.9832887686448615,1.667313897474514,0.3159748711703474
grid3,0,1,-3,5.199864127313634,2359507,1952937,1.6405287509938367,1.439887551101329,0.20064119989250773,0.1787614455749609,0.13911398544132722,2.891706315636267,2.200748067142399,2.1395046872887207,1.7869379578387168,0.3525667294500039
grid3,0,1,-2,3.675073325044916,2343434,1955104,1.6801531095085307,1.4572770084027549,0.22287610110577583,0.17858000437536078,0.14064408371090364,2.8206528324398485,2.252827681462286,2.0700201801451095,1.7943465396990441,0.27567364044606535
grid3,0,1,-1,2.3209287248032435,2323469,1953546,1.6680214107973395,1.4289588281582886,0.2390625826390509,0.17629432285354327,0.13438436891134994,2.8591396748299807,2.2495174373336897,2.034788878405706,1.8524695038263197,0.18231937457938652
grid3,0,1,0,1.63713944,2299881,1949357,1.7109511273401588,1.4097881402626777,0.301162987077481,0.1802525360047342,0.13322086039005268,2.79772266948544,2.2143370060695347,1.918194381218106,1.7694870953503614,0.1487072858677445
grid3,0,1,1,2.3209287248032435,2273179,1941537,1.676042260716448,1.3893716465173065,0.2866706141991415,0.17767441384838062,0.13458324586494433,2.7961596634407817,2.2117890741371995,2.0055739706110423,1.8479220262052414,0.15765194440580088
grid3,0,1,2,3.675073325044916,2243081,1930941,1.6209673032460539,1.3757390370207205,0.24522826622533334,0.17021221494800548,0.13482309500084286,2.713490840084911,2.151148394978537,2.0091221899419374,1.9955351034081947,0.013587086533742632
grid3,0,1,3,5.199864127313634,2210891,1917378,1.6291854387886662,1.423089695653305,0.20609574313536116,0.17350472765636307,0.13962371429710033,2.737287312164966,2.120894950051551,2.0775528157409675,1.7879919783329803,0.2895608374079872
grid3,0,2,-3,5.9227749898619075,2290120,1946443,1.5332477966250468,1.4170068321628968,0.11624096446215004,0.15995906527614392,0.13687813896632223,2.754831800371817,2.158118642203997,1.9849977496605253,1.8513751422926157,0.13362260736790965
grid3,0,2,-2,4.641857449606487,2274507,1948328,1.5863761494369575,1.4250072991423521,0.16136885029460535,0.17012241721577345,0.13503997338185197,2.7993638019427705,2.2047656625776546,2.083730989658964,1.9127549875448795,0.1709760021140847
grid3,0,2,-1,3.6643398837481422,2255017,1948146,1.6985868965008248,1.467556925000523,0.2310299715003019,0.18926954724777115,0.14202625471064848,2.784992138091739,2.32603154150407,1.9651707450663323,2.0512508562915865,-0.08608011122525427
grid3,0,2,0,3.27427888,2231628,1944361,1.7237949066648963,1.4001409980203425,0.3236539086445538,0.19075719294041074,0.13372046266981918,2.821826888015132,2.2379957359064417,1.982080195459933,1.860152312770199,0.12192788268973387
grid3,0,2,1,3.6643398837481422,2206221,1937659,1.6825946207704232,1.4036689035911194,0.2789257171793038,0.18399679808880712,0.13505991178120302,2.8442921920959487,2.157185921933518,1.9421871033112696,1.865336684591371,0.07685041871989862
grid3,0,2,2,4.641857449606487,2177330,1928338,1.648150227779018,1.4339653265772314,0.21418490120178668,0.18311276375416494,0.140905397666442,2.7621631713230057,2.0980497073769877,1.9642735340719861,1.8511521650488991,0.113121369023087
grid3,0,2,3,5.9227749898619075,2145800,1915143,1.6608258001840495,1.4099813382280286,0.25084446195602084,0.1828356710267066,0.13592771247992946,2.7582520094601364,2.1812071525514884,2.070408822153254,1.7770717411562957,0.2933370809969582
grid3,0,3,-3,6.96278617440973,2214665,1936944,1.4953383349103935,1.4327352212378826,0.06260311367251092,0.162843827495915,0.13560450024290138,2.6488564148913794,2.301834634892083,1.70854224413353,2.1105008042859676,-0.4019585601524376
grid3,0,3,-2,5.9116806673301285,2199354,1939978,1.5872877210663976,1.4452155543541179,0.14207216671227973,0.1793466941120141,0.13426462027956473,2.681894135277266,2.239451748027231,1.7402647155245525,1.951951340805264,-0.21168662528071147
grid3,0,3,-1,5.179624939476304,2180562,1939547,1.6593700920982108,1.4748428157080768,0.184527276390134,0.19492403398284913,0.1417682180676769,2.73508886228978,2.2531012429658928,1.71739862821537,2.177093862329142,-0.4596952341137721
grid3,0,3,0,4.911418319999999,2158580,1937015,1.6980758904242932,1.4946696678261469,0.20340622259814634,0.20361612429483086,0.1460472190724803,2.8259913132743026,2.245849705784028,1.8375584466521144,2.1390499355230825,-0.3014914888709681
grid3,0,3,1,5.179624939476304,2133642,1932200,1.6736606611230174,1.4313531610068804,0.242307500116137,0.19984360694758838,0.1364027520824741,2.8613703021323014,2.2641484329023815,2.0691200106580205,1.8986060080120903,0.1705140026459302
grid3,0,3,2,5.9116806673301285,2105248,1923413,1.665492816960362,1.5017914430307786,0.1637013739295834,0.19327170907614594,0.14623535345528177,2.807655329069825,2.190282802952402,1.9908901902182632,1.959593746318481,0.031296443899782256
grid3,0,3,3,6.96278617440973,2075404,1911500,1.6154489091021584,1.449380468634562,0.1660684404675965,0.18132982116218227,0.13827861517720402,2.778493532639592,2.1483684548929043,2.1078009130144544,1.8752325170853479,0.2325683959291065
grid3,1,-3,-3,7.1516796960062,2560408,1956009,1.6396695836710549,1.347540136065193,0.2921294476058618,0.16488690575121007,0.12779524246234347,2.8359114332020705,2.1560262482990646,2.02007151548309,1.6033900432993187,0.4166814721837715
grid3,1,-3,-2,6.133033464461192,2540371,1953470,1.653507442227081,1.3833127977162707,0.2701946445108103,0.16681101845284463,0.13399154505013736,2.848904245647994,2.2163782852028904,1.9869431704328113,1.6179962782294193,0.36894689220339205
grid3,1,-3,-1,5.430897317880441,2516013,1946956,1.7247595402827918,1.3593459869808833,0.3654135533019085,0.1768897479064998,0.13371434605844612,2.801626681739363,2.1547400675100543,2.0383005353076036,1.6374977147019691,0.40080282060563444
grid3,1,-3,0,5.175728072237535,2487587,1939003,1.7747655090535202,1.404912724178819,0.3698527848747011,0.1842784318529149,0.1421029730396507,2.7516365372369234,2.136500379974399,2.0119090159777224,1.5763438668371816,0.4355651491405408
grid3,1,-3,1,5.430897317880441,2456786,1927369,1.7800945774900212,1.462510810753658,0.31758376673636324,0.18119369705244598,0.1499785644444341,2.7218706653951705,2.1882042191453213,2.074544322314005,1.5961647630255236,0.47837955928848164
grid3,1,-3,2,6.133033464461192,2423049,1913408,1.822961533555565,1.4654148247019971,0.35754670885356776,0.18565021856590821,0.14919354557169723,2.760612764285143,2.188610117568492,2.130398201205621,1.666057283889639,0.46434091731598204
grid3,1,-3,3,7.1516796960062,2386798,1896359,1.7644577552711993,1.459341863309596,0.30511589196160327,0.17718528026014266,0.14718191563553007,2.7558594441285593,2.2328677622169177,2.062173086043631,1.6912507323643247,0.37092235367930626
grid3,1,-2,-3,6.143728081893743,2522072,1960659,1.7047457822533016,1.3332762948755787,0.3714694873777229,0.17275245151660484,0.1250275466345396,2.8734738657429237,2.1929248956834835,2.0788621951976585,1.6052433120048637,0.47361888319279477
grid3,1,-2,-2,4.92066781506162,2503042,1958153,1.7128060972546,1.337301115394181,0.37550498186041903,0.17273206710627842,0.1280413729813591,2.7765387705363183,2.126336459324151,2.128705668725438,1.6462811983445231,0.48242447038091507
grid3,1,-2,-1,4.01167271189256,2479391,1952995,1.7388473843518961,1.3566428565131117,0.38220452783878445,0.17895225578850948,0.13161953288606212,2.80310413026966,2.148542447723168,2.1258538145705064,1.7065402696969107,0.4193135448735956
grid3,1,-2,0,3.6588295051464352,2452548,1944927,1.749049653997974,1.38362669092833,0.36542296306964417,0.1771616024189047,0.13563200617762572,2.719931471876354,2.1134639487824383,2.0848714570862152,1.7430361932536718,0.3418352638325435
grid3,1,-2,1,4.01167271189256,2422140,1934687,1.7863664040031013,1.432662761199867,0.3537036428032343,0.18341567122509203,0.14120762223344,2.633588689380923,2.1736343972077394,2.106195534536692,2.355686072908744,-0.24949053837205204
grid3,1,-2,2,4.92066781506162,2388576,1921727,1.8082710419461443,1.4418044731775834,0.3664665687685609,0.18924016378179923,0.1441103415133816,2.613341190449691,2.2216303520330594,2.064954096763637,1.6623357654116468,0.40261833135199
grid3,1,-2,3,6.143728081893743,2353491,1905126,1.7588747427281948,1.478624190997508,0.2802505517306868,0.17960113815840228,0.14992288604142542,2.684069748903852,2.2279140848895262,2.422881908938212,1.7139236643453108,0.7089582445929012
grid3,1,-1,-3,5.450203492186254,2474812,1962606,1.7074503535143906,1.3885689820818905,0.31888137143250006,0.17461747793300647,0.13175131201783952,2.8414025369961933,2.2009140917262835,2.107275163869342,1.6957235858455548,0.4115515780237873
grid3,1,-1,-2,4.02147921891594,2456426,1961552,1.7178927436925406,1.3634520162998707,0.35444072739266996,0.17834071822136266,0.126599782826328,2.7886940094379535,2.1006335750486236,2.0481655119736906,1.7318318409926898,0.31633367098100074
grid3,1,-1,-1,2.8377528626243804,2434460,1956652,1.7668283074229794,1.3929034119901749,0.3739248954328045,0.18097364437756402,0.13424487030483176,2.7772939410355337,2.0611547364593714,2.115604707375315,1.6702118764081137,0.4453928309672013
grid3,1,-1,0,2.3122190012452473,2408475,1949198,1.7543092724355205,1.386082257546579,0.3682270148889415,0.17774305392027853,0.13245147309676567,2.7063422795629704,2.042580381775697,2.011714042386606,1.598310437709132,0.41340360467747383
grid3,1,-1,1,2.8377528626243804,2379077,1939700,1.7476587785533748,1.3753173341207805,0.3723414444325943,0.1831566325323117,0.13542063158851417,2.554918389684656,2.1098583527661856,2.039246133043576,2.2936354430329122,-0.2543893099893362
grid3,1,-1,2,4.02147921891594,2346340,1926927,1.828381720734868,1.4405080887685437,0.3878736319663243,0.19339736662625512,0.143334764669407,2.6528668853463064,2.182510766435078,2.095914913214544,1.603263961023876,0.4926509521906681
grid3,1,-1,3,5.450203492186254,2311991,1910967,1.8099817340347066,1.4720927536793869,0.3378889803553198,0.1904843381685776,0.14471479059545012,2.692093115923811,2.2469434762577567,2.3383982060070165,1.6294832278693872,0.7089149781376294
grid3,1,0,-3,5.198508686174884,2419188,1961661,1.7082468486778586,1.4139891303079102,0.2942577183699484,0.18129909464292576,0.13692737625438137,2.868791768694446,2.155869639845281,2.0524134734910953,1.6978048638994077,0.3546086095916876
grid3,1,0,-2,3.673155259741853,2401283,1960191,1.7227065958585692,1.417951539870242,0.3047550559883272,0.1789378024890499,0.1318693410479887,2.838844209863238,2.115736119987458,2.126145603876845,1.685307293373529,0.44083831050331623
grid3,1,0,-1,2.3178903691351223,2380307,1957510,1.7617340421472545,1.3617442941786626,0.3999897479685919,0.18487678712117467,0.12630859574931028,2.7143565790938817,2.0813395579913134,2.0445508873304425,1.6441910512440798,0.4003598360863627
grid3,1,0,0,1.63282919,2355278,1951191,1.7234851840868282,1.3524965215477225,0.3709886625391057,0.17959329038636374,0.1279764132473477,2.6339696660085603,2.0792625897530357,1.944330035863845,1.7982943067854862,0.1460357290783587
grid3,1,0,1,2.3178903691351223,2326722,1941445,1.7258291847279277,1.3541676833869907,0.371661501340937,0.18124433043882388,0.13371881868817453,2.693100209153082,2.0727349294527637,2.0124793619802297,1.766800123528367,0.24567923845186268
grid3,1,0,2,3.673155259741853,2294747,1929383,1.6572681917050955,1.3795680391558083,0.27770015254928726,0.17654440264694685,0.13798344898865314,2.646343528015345,2.138115262046147,1.8781033010998907,1.6784614433657088,0.19964185773418186
grid3,1,0,3,5.198508686174884,2260733,1914600,1.7375786781387683,1.4411182863677086,0.29646039177105976,0.18969195765867156,0.14422249829503345,2.658398797977931,2.239708500762553,2.020861747721187,1.6720178771475525,0.34884387057363475
grid3,1,1,-3,5.450203492186254,2356230,1957491,1.6410545919919894,1.4258615821178946,0.21519300987409484,0.17470015663473148,0.13928761807249385,2.8107216664540258,2.12398803881949,2.1754278542413448,1.8269222210278726,0.34850563321347217
grid3,1,1,-2,4.02147921891594,2338884,1957561,1.6897300855395345,1.422972656354289,0.2667574291852455,0.17896497906741943,0.1370129781124578,2.77503931943034,2.148307654974594,2.116710940712534,1.7418298137681052,0.37488112694442877
grid3,1,1,-1,2.8377528626243804,2318227,1955333,1.7097576854157854,1.446661645880118,0.2630960395356674,0.18856962666312296,0.1394296334988934,2.702857583299185,2.195475081317675,2.1149249747556245,1.8489619282592549,0.2659630464963696
grid3,1,1,0,2.3122190012452473,2293712,1949689,1.7307324678705274,1.4091678430364332,0.3215646248340942,0.1887506164985538,0.13734856119625283,2.740718701656723,2.1029379621915645,2.1530114586366187,1.847428050628411,0.3055834080082076
grid3,1,1,1,2.8377528626243804,2266079,1941094,1.65398041057449,1.3870018629535812,0.2669785476209088,0.18054685876016074,0.13809680088363896,2.697633500604159,2.056823685415393,2.0345191760253316,1.9337948396238878,0.10072433640144385
grid3,1,1,2,4.02147921891594,2234696,1929966,1.6343251833417778,1.3738850037720796,0.2604401795696982,0.17919216563267246,0.13314389497971663,2.6549871104610068,2.16579038497152,1.9104634458605705,1.7855643360750306,0.12489910978553986
grid3,1,1,3,5.450203492186254,2201963,1914746,1.6760616886822843,1.4049296106512206,0.27113207803106376,0.1848519692897267,0.13624291754064188,2.7529406684879785,2.257010298927352,2.0544882919121044,1.8140860415822213,0.24040225032988305
grid3,1,2,-3,6.143728081893743,2285781,1951554,1.5395681845704392,1.3664808723927997,0.1730873121776395,0.1615244095281422,0.12939827257976,2.769602875194042,2.1786699035567203,2.1008249381124657,1.852951201252578,0.24787373685988778
grid3,1,2,-2,4.92066781506162,2269488,1952178,1.61160567554881,1.4342420236699753,0.17736365187883463,0.17620013324832381,0.1394311541803075,2.7761535876976136,2.091804326980463,1.8787353704411636,1.9482709417976347,-0.06953557135647115
grid3,1,2,-1,4.01167271189256,2249398,1950169,1.6894734006802226,1.3987913443536557,0.29068205632656685,0.18925210663172634,0.13522572471837896,2.734137257207156,2.1597675707787563,2.043419609892839,1.8798467614289367,0.1635728484639023
grid3,1,2,0,3.6588295051464352,2225430,1945440,1.7178538522810978,1.4664141385967626,0.25143971368433515,0.1991418326509883,0.14367881730883725,2.7941812030024527,2.1143176266540835,1.7813122478377035,2.493583682932057,-0.7122714350943533
grid3,1,2,1,4.01167271189256,2198118,1938299,1.7054292186854882,1.4436196793732754,0.26180953931221285,0.19582626373447093,0.14193895157870223,2.7874330215489556,2.091980392744751,1.95391109263513,1.9025009412427376,0.051410151392392356
grid3,1,2,2,4.92066781506162,2168604,1927342,1.6567633441772693,1.3744901520183048,0.2822731921589645,0.18554493487037052,0.1323047402620568,2.7070116675417317,2.1136011860052775,1.9690123117349934,1.7854781730473235,0.18353413868766988
grid3,1,2,3,6.143728081893743,2136852,1913968,1.6747331085901251,1.3111719030297853,0.3635612055603399,0.18723847123247822,0.12265330713033007,2.810327715048353,2.1448064102789925,2.1348117867363925,1.7655242318490567,0.3692875548873358
grid3,1,3,-3,7.1516796960062,2210393,1943189,1.5075800221559603,1.4277055887941223,0.07987443336183797,0.16605941658954057,0.13591204705171658,2.796574031298164,2.171004761925213,1.9468520694306708,2.064886140129776,-0.11803407069910499
grid3,1,3,-2,6.133033464461192,2194244,1944578,1.6262205957097098,1.50150008122796,0.12472051448174981,0.1846579683672475,0.1477612442682051,2.772723296157723,2.2023361882681045,1.8987381044913985,1.973061511902804,-0.07432340741140564
grid3,1,3,-1,5.430897317880441,2174742,1942549,1.6516028831954872,1.4619264212916065,0.18967646190388066,0.19630332712594967,0.14287786322187035,2.7576039083897235,2.2140364302401254,1.794561444952747,1.985265595021836,-0.19070415006908914
grid3,1,3,0,5.175728072237535,2152132,1939213,1.6811105003265359,1.4246276462825036,0.25648285404403226,0.2044314970250396,0.1381807232480931,2.8535370802623867,2.249675726638806,1.85337625847162,1.9069578052600715,-0.053581546788451506
grid3,1,3,1,5.430897317880441,2125981,1932858,1.6692004322146294,1.4389626093468708,0.23023782286775862,0.19916985629487113,0.13959523352367775,2.829244103202591,2.1659247910552555,2.0992342681387455,1.8360145932964609,0.2632196748422846
grid3,1,3,2,6.133033464461192,2097128,1923025,1.662533688467572,1.4105426641362853,0.25199102433128684,0.1895824625913623,0.13600130016045422,2.793271137956255,2.084494618824139,2.222768017108155,1.913135529117991,0.3096324879901642
grid3,1,3,3,7.1516796960062,2067144,1910922,1.6544414963337084,1.4013635577438057,0.2530779385899027,0.1898077449116017,0.13627196405298447,2.777210559623319,2.1363100922324048,2.236909078766148,1.801437966961851,0.4354711118042971
grid3,2,-3,-3,7.690573188353096,2556009,1957229,1.6592431813008788,1.2888889469100995,0.3703542343907793,0.17093947568929227,0.12087838902707851,2.9035851316134096,2.1160627361403352,2.0659253155783106,1.6055773347311613,0.46034798084714934
grid3,2,-3,-2,6.753702167504058,2533703,1953410,1.7173251562003182,1.3270569827316832,0.39026817346863507,0.17466394713252115,0.12974186952361827,2.910496019500383,2.1346260783647772,2.036644843507938,1.7422639082663536,0.2943809352415845
grid3,2,-3,-1,6.123155981069659,2508742,1946023,1.7623545378814873,1.36403692865993,0.39831760922155723,0.18044310781063927,0.1349947051994426,2.75048964043916,2.1445926811878224,2.0818000686493336,1.583023360793305,0.49877670785602857
grid3,2,-3,0,5.898012764389023,2479659,1936757,1.7981203635692597,1.3632982856229363,0.43482207794632344,0.18397432301196978,0.14008697096378359,2.7869397844603374,2.208550480757045,2.0967580062130553,1.612194092445735,0.48456391376732033
grid3,2,-3,1,6.123155981069659,2447762,1925231,1.790014552486079,1.434226757293877,0.35578779519220216,0.1821204270554133,0.14756756069361562,2.6633148627237757,2.3203150784872473,2.1874405487981567,1.6700878867414801,0.5173526620566766
grid3,2,-3,2,6.753702167504058,2412811,1910656,1.79867431264217,1.4407689520594926,0.3579053605826774,0.17823204048144173,0.14419664216803155,2.669833178088849,2.269386268581723,2.33333087145773,1.8036951261375755,0.5296357453201546
grid3,2,-3,3,7.690573188353096,2376245,1893532,1.7506521510495803,1.4358059768421068,0.3148461742074735,0.17786005844682118,0.1468019715031368,2.6167888239640504,2.3221104910714923,2.394476305545075,1.7582887619814993,0.6361875435635758
grid3,2,-2,-3,6.763415426794213,2516720,1961207,1.7448790512179555,1.3189236037995438,0.42595544741841174,0.1812553014581084,0.12192450206008448,2.701758253205544,2.1090484757885513,2.0125482043980845,1.6189977973080392,0.3935504070900453
grid3,2,-2,-2,5.675505725248761,2495848,1957846,1.7212449619998633,1.348540343961041,0.37270461803882227,0.1748911390516648,0.12971012219940511,2.693449555107575,2.0415354659399294,2.0922266192284535,1.6697802524184273,0.42244636681002623
grid3,2,-2,-1,4.908351193475419,2471896,1951556,1.7565743848512867,1.3505509173536427,0.40602346749764395,0.1785336722420624,0.1333627445534845,2.808149187478497,2.0345233885527594,2.1615947541659044,1.6503213890157715,0.5112733651501329
grid3,2,-2,0,4.6244380024904945,2444380,1943219,1.7711868518913567,1.3292518889628222,0.4419349629285345,0.1801363296876206,0.1306619137642251,2.725530700242765,2.077473034703665,2.1471310475824876,1.5844084001434444,0.5627226474390432
grid3,2,-2,1,4.908351193475419,2413187,1932216,1.810048968103162,1.4315892974198159,0.37845967068334607,0.1883328661331014,0.14670220893855523,2.527585429530841,2.2419666784546797,2.091203954792197,2.445170668508419,-0.3539667137162219
grid3,2,-2,2,5.675505725248761,2379273,1918212,1.7869815943096186,1.4694673534139318,0.3175142408956868,0.18474851219027505,0.14771250670186042,2.53747369902235,2.1761362042983956,2.4125351984699406,1.6986390550878174,0.7138961433821231
grid3,2,-2,3,6.763415426794213,2342706,1901211,1.7752127865238103,1.5346376496017795,0.2405751369220308,0.18379657857906193,0.15528732024720027,2.574932918228399,2.2302064483847963,2.3850012487027663,1.7195060900541728,0.6654951586485935
grid3,2,-1,-3,6.140285954040529,2469117,1963469,1.7886866458098174,1.3825864400692571,0.40610020574056027,0.1894014001711821,0.13379177712668022,2.7570506784795032,2.1701055693451194,2.173963058467393,1.701248588225874,0.4727144702415187
grid3,2,-1,-2,4.9163694530945214,2450065,1960587,1.7518197926471166,1.382922986289303,0.3688968063578135,0.18222962906182258,0.13347923759276817,2.6979477217786534,2.077587856443668,2.104934732435139,1.6729465794561231,0.4319881529790157
grid3,2,-1,-1,4.006399231289992,2426934,1955010,1.7855041565144465,1.360269713938214,0.42523444257623244,0.1854405541236132,0.13161520709268193,2.714187092966909,1.9873569267440079,2.0935044696280447,1.7427107315854677,0.35079373804257696
grid3,2,-1,0,3.653046701161612,2399801,1947358,1.750891380209176,1.308335230226985,0.44255614998219084,0.18077930802187883,0.12678522245993906,2.6911284190207083,2.0508273264315413,2.09044523749341,1.6598855420773788,0.43055969541603134
grid3,2,-1,1,4.006399231289992,2369337,1936416,1.7654694940988156,1.3970369506254972,0.36843254347331844,0.18314606740100364,0.13930872269401,2.600015876181561,2.181966896561111,2.120594204131939,1.6446916064960482,0.4759025976358908
grid3,2,-1,2,4.9163694530945214,2336401,1923094,1.7590188696407296,1.4812143147881216,0.277804554852608,0.18529912804046306,0.15172062577871495,2.500798912189636,2.2095018027109594,2.1033505859895745,2.3660430358763627,-0.2626924498867882
grid3,2,-1,3,6.140285954040529,2300897,1906962,1.7232023041105187,1.488875594622206,0.23432670948831258,0.18246899635292602,0.15072789744895165,2.5290437889454336,2.1828203591650177,2.0012352862667413,1.7103220459654123,0.29091324030132903
grid3,2,0,-3,5.918013691381923,2413829,1962779,1.7752603752774443,1.4279575535952107,0.3473028216822336,0.19149915312298882,0.14026155064891402,2.8778612698764285,2.055916999870505,2.2925680767490193,1.7145598119367558,0.5780082648122635
grid3,2,0,-2,4.6357807382702445,2394708,1960504,1.7700190379684402,1.4413510880642453,0.3286679499041949,0.19003460011273507,0.1379067216832595,2.8177775275991834,2.072456098534269,2.05115066504379,1.7521973012743661,0.29895336376942394
grid3,2,0,-1,3.656639065381969,2372633,1956144,1.7868169812497898,1.4931698767625297,0.29364710448726017,0.18716614768358933,0.14568681671672953,2.7745306970640913,2.0519160666616894,2.0551712491799785,1.8082548426373537,0.2469164065426248
grid3,2,0,0,3.26565838,2346986,1948609,1.7595016204081926,1.3931428905311483,0.3663587298770443,0.18805890651241042,0.1347788566754449,2.6178740476646016,2.0261260725693457,1.9893456896120452,1.8440292619967786,0.14531642761526653
grid3,2,0,1,3.656639065381969,2317208,1938693,1.7098648758997064,1.3781716991008652,0.33169317679884114,0.18610585981033045,0.13603096885502858,2.637663705473192,2.1183326674643186,2.0207328025817546,1.8037309918645632,0.21700181071719138
grid3,2,0,2,4.6357807382702445,2284801,1925234,1.6691187232670421,1.410984042624506,0.2581346806425362,0.18353601944893796,0.1418443489237943,2.5404435093743976,2.199970087940712,1.9698812303837692,1.8057858666576985,0.1640953637260707
grid3,2,0,3,5.918013691381923,2249362,1909817,1.7435433623461656,1.4214455042106915,0.3220978581354741,0.19518047679925002,0.13927230028368623,2.6411200857522,2.204539420626938,1.972646167012672,1.7961843436822194,0.17646182333045268
grid3,2,1,-3,6.140285954040529,2350353,1959746,1.710874529734824,1.4156462438411515,0.29522828589367256,0.18159633925505675,0.14361252279018238,2.770007755157358,2.073185460381316,2.1206099555711218,1.830424397551387,0.2901855580197348
grid3,2,1,-2,4.9163694530945214,2332322,1958220,1.745181068536187,1.4234553015054963,0.3217257670306908,0.1849683446852124,0.13775289397558388,2.7092895108055717,2.043504035781204,1.9719179722525764,1.8790725569808926,0.09284541527168377
grid3,2,1,-1,4.006399231289992,2310264,1954095,1.7538229503475435,1.4367283612791761,0.3170945890683674,0.19646430316552058,0.14149294894254114,2.74032659884412,2.1503901179066665,2.1681587441018877,2.4007561640814177,-0.23259741997952998
grid3,2,1,0,3.653046701161612,2285064,1947453,1.7365168035830827,1.4430113660306279,0.29350543755245484,0.19378968375615724,0.1423188016610661,2.714569083362226,2.0224687544036977,1.9930446730516176,1.9199401723792424,0.07310450067237517
grid3,2,1,1,4.006399231289992,2256064,1938312,1.65762292741431,1.4214726250477783,0.23615030236653167,0.18351540019048357,0.14351265644016956,2.676006360992774,2.0353632744985877,1.8863824437307906,1.8058184984518755,0.08056394527891508
grid3,2,1,2,4.9163694530945214,2224671,1925777,1.6828122490300832,1.38904353057751,0.29376871845257324,0.19184410200660348,0.13678186830829114,2.7195479342706923,2.0863146957133076,2.082740529111055,1.8823470137977265,0.20039351531332827
grid3,2,1,3,6.140285954040529,2190947,1911707,1.7374142695896204,1.3882884462151326,0.34912582337448783,0.20108058331689704,0.1374395060069971,2.765744566487512,2.1448781047045977,2.1912531343057458,1.7572628088637656,0.43399032544198013
grid3,2,2,-3,6.763415426794213,2280639,1953906,1.612894466696355,1.4313908343261224,0.1815036323702326,0.17312849887982473,0.14106892787092035,2.8433288480385603,2.0373613543845264,2.055112208938854,1.8343556690105527,0.22075653992830135
grid3,2,2,-2,5.675505725248761,2263120,1952884,1.6286552261119325,1.4338386025386354,0.1948166235732971,0.17959471026614302,0.1457599878691276,2.8327208446544248,2.1545316695907104,1.975992023886108,1.9241594714230905,0.051832552463017434
grid3,2,2,-1,4.908351193475419,2242138,1950015,1.709838784003518,1.436108679101136,0.27373010490238214,0.19694284080181315,0.14151833366050437,2.7493635463087194,2.097485622588864,2.065601021754144,2.5350195316846147,-0.46941850993047085
grid3,2,2,0,4.6244380024904945,2216676,1944474,1.726013508753363,1.4926342726690855,0.23337923608427746,0.20163132381129895,0.15175406546323467,2.7988220376063504,2.1213190452130286,2.067448045707612,1.9097371785749189,0.15771086713269322
grid3,2,2,1,4.908351193475419,2188755,1936375,1.6882388737296532,1.3786301784141095,0.3096086953155437,0.1986355757274393,0.13609572439426465,2.758508873457734,2.1512898160108147,2.047840463711199,1.9188479699562735,0.1289924937549256
grid3,2,2,2,5.675505725248761,2158990,1925518,1.6727723246858925,1.3858958952126148,0.28687642947327774,0.1932890788547845,0.1372101505418625,2.757018494806516,2.1811130529287563,2.062811181875754,1.8132941839370762,0.24951699793867776
grid3,2,2,3,6.763415426794213,2126379,1911046,1.6614185663496293,1.377521401496096,0.28389716485353333,0.1887012577848516,0.13456093997585497,2.87455144686269,2.143421265265983,2.185639604060814,1.823933437001996,0.361706167058818
grid3,2,3,-3,7.690573188353096,2204400,1945721,1.6378235243368306,1.454288570610978,0.1835349537258526,0.18868084098639767,0.14176384114461507,2.8611161021462164,2.1494765657684005,1.9317222670384184,1.923370464630332,0.008351802408086417
grid3,2,3,-2,6.753702167504058,2187627,1945913,1.6515891768605044,1.44586513786748,0.20572403899302438,0.18928339330228208,0.1420196576767039,2.6915009562604553,2.265843958642164,1.5680249328780216,1.8119253188948,-0.24390038601677833
grid3,2,3,-1,6.123155981069659,2167205,1943447,1.649883563503469,1.4405964275989547,0.2092871359045143,0.19602210639195966,0.13884929513311858,2.750060221206782,2.2702479890257767,1.8200666552668698,2.5721245412596425,-0.7520578859927727
grid3,2,3,0,5.898012764389023,2143859,1938147,1.6611599912209274,1.4458024275168524,0.215357563704075,0.19677509078322158,0.14392372708853493,2.825751248149915,2.1871538057306643,1.8904724295296582,1.8282581180843003,0.06221431144535794
grid3,2,3,1,6.123155981069659,2116403,1931098,1.6839989908824553,1.4491417061386025,0.2348572847438528,0.19847195182400254,0.14609213650103597,2.7490469046563066,2.1234016052532643,2.21934864450903,1.7706942351648318,0.448654409344198
grid3,2,3,2,6.753702167504058,2087181,1921663,1.6235663936956959,1.3694723350202966,0.25409405867539925,0.18430261515591548,0.13606701746175948,2.8954257528834475,2.123394989186467,2.3044109190167053,1.8262932885312568,0.4781176304854484
grid3,2,3,3,7.690573188353096,2056549,1908977,1.6626457970479025,1.3660580640497433,0.2965877329981592,0.19195764501217638,0.13309830217702934,2.822405392614201,2.0869417696767885,2.3409995413886775,1.8557395110879726,0.48526003030070486
grid3,3,-3,-3,8.51325858787314,2549627,1955547,1.7096285226129535,1.3266624339427011,0.3829660886702524,0.17673603898276422,0.13074000793398663,2.9300927348436265,2.0358542960022334,2.1483888001084663,1.673913326118279,0.4744754739901873
grid3,3,-3,-2,7.677444157135192,2526125,1950228,1.7527091766816616,1.271278823055848,0.48143035362581355,0.17624072410402458,0.11987754958565548,2.898699752047407,2.0331022030316848,2.1515756551810394,1.5913826072689679,0.5601930479120716
grid3,3,-3,-1,7.1290739221226636,2499769,1942725,1.8021868884169452,1.3067023971554421,0.49548449126150307,0.18395297398876967,0.1276826813810848,2.7616942007013208,2.161061759428787,2.0622036877030676,1.595735327520345,0.46646836018272264
grid3,3,-3,0,6.936657003735742,2469987,1933225,1.8353650970453015,1.3782754882633834,0.45708960878191807,0.18558732173372838,0.13759257408207973,2.675333831442809,2.197948938398075,2.160854735381547,1.6176606034623784,0.5431941319191684
grid3,3,-3,1,7.1290739221226636,2436292,1920978,1.819211651784901,1.4297517241296462,0.38945992765525483,0.18393531817978917,0.14808926598097177,2.6353499794818775,2.2888213798976627,2.0320687591449778,1.8154964194878769,0.21657233965710088
grid3,3,-3,2,7.677444157135192,2401156,1906164,1.7687513023658294,1.4699030115714011,0.2988482907944283,0.17970552541630586,0.15264266037961502,2.5533813440449435,2.2296120821174954,2.3894666403837106,1.7911253575831447,0.5983412828005659
grid3,3,-3,3,8.51325858787314,2363830,1888207,1.7476823527942378,1.4200073339102515,0.3276750188839863,0.17715294428056058,0.14481928959992504,2.5970335742654482,2.204033845778933,2.5878670908059593,1.703676902460628,0.8841901883453314
grid3,3,-2,-3,7.6859901153968595,2509829,1959652,1.7451495935476415,1.3211208679394146,0.4240287256082269,0.1842356555410493,0.1277644099100998,2.766533546792696,2.0903806494711765,2.1258486996233286,1.6353326399145474,0.4905160597087812
grid3,3,-2,-2,6.748482870683732,2488102,1955279,1.744283424274785,1.2768780247082256,0.46740539956655947,0.17502637334119003,0.11964585694289152,2.6937387266725406,2.064978846496997,2.098454009083864,1.6945220580553018,0.4039319510285624
grid3,3,-2,-1,6.117398732882455,2462788,1947980,1.7532075974411685,1.281455788711106,0.4717518087300625,0.17973805861641143,0.12237418408383051,2.714927856823357,2.026011705471619,2.0536162422285065,1.6191839924758415,0.4344322497526649
grid3,3,-2,0,5.892035527511571,2433662,1938973,1.7744914006713455,1.311333029543688,0.46315837112765745,0.17855198317349102,0.12874751972281778,2.5883623849382924,2.124151040784294,2.02517116344106,1.6252260009881894,0.3999451624528707
grid3,3,-2,1,6.117398732882455,2401619,1927297,1.7530909874334626,1.3989086226003187,0.3541823648331439,0.179596568953539,0.1408052822130718,2.5619649143354137,2.2455214625928837,2.0229909195680436,1.6809284888805573,0.3420624306874862
grid3,3,-2,2,6.748482870683732,2366543,1912601,1.7351427381825306,1.449644365221764,0.2854983729607665,0.17940520167111226,0.14641709723228208,2.6220909434336845,2.2633232469593207,2.4347449924482465,1.736999339143841,0.6977456533044055
grid3,3,-2,3,7.6859901153968595,2330087,1895704,1.7326219032051564,1.4297159230327292,0.3029059801724272,0.18201652715747677,0.14895153643240988,2.6160749254255875,2.1432502065204897,2.1483714619056338,1.744911912415544,0.40345954949008966
grid3,3,-1,-3,7.143792229339239,2462270,1961858,1.8311235462061277,1.4340311824872292,0.39709236371889856,0.19423998313544705,0.1435315386601831,2.7371436419341886,2.02503653397187,2.1511677095939485,1.6791953709288483,0.47197233866510024
grid3,3,-1,-2,6.123834127236074,2441362,1958157,1.8298272502566566,1.3826947178319455,0.44713253242471107,0.1965671883108406,0.13512848543719966,2.6438331928269636,2.0730234304350477,2.127613765715626,1.7041122078968782,0.423501557818748
grid3,3,-1,-1,5.420506491008134,2416827,1952149,1.8039329537264932,1.3609038726697282,0.443029081056765,0.19021806471970046,0.1327922452600042,2.659021979620239,2.0469013244252783,2.1216669182070595,1.6010268040592333,0.5206401141478263
grid3,3,-1,0,5.164823909819968,2389219,1942368,1.743101318712044,1.3498606602080063,0.3932406585040378,0.1829243643147257,0.13196540444502602,2.6742147067331143,2.0087236044442767,2.0584511883734375,1.6432998104619285,0.415151377911509
grid3,3,-1,1,5.420506491008134,2357691,1931290,1.7238106932078823,1.3936858063430526,0.33012488686482966,0.1819160935690719,0.13882095782489165,2.528363619837764,2.163085798207486,1.8984266493815778,1.7366691250509305,0.16175752433064727
grid3,3,-1,2,6.123834127236074,2323599,1917574,1.7309787766772282,1.409474505390172,0.32150427128705616,0.18450821229570877,0.14300131834613478,2.489705292155628,2.2419980189035114,1.9415685546157662,1.6838541962677567,0.2577143583480095
grid3,3,-1,3,7.143792229339239,2287048,1901592,1.7567457172392367,1.4547963315768644,0.3019493856623723,0.18857175899311307,0.15055284992691745,2.6024651963250087,2.1756375297826063,2.0570331296499575,1.8053321146795884,0.2517010149703691
grid3,3,0,-3,6.953671107405366,2406674,1961055,1.808907119774655,1.4053622967459756,0.40354482302867933,0.19330575711721806,0.13972570794177333,2.645011391358914,1.9258985532332598,1.8715169267176255,1.7230919103909863,0.14842501632663918
grid3,3,0,-2,5.900942202046864,2386438,1957880,1.8347140763560603,1.4563845169568064,0.37832955939925395,0.20434948066697844,0.14725799319622482,2.7397025784457805,1.9539964333954212,2.213600883619251,1.785301838589674,0.42829904502957716
grid3,3,0,-1,5.167365389931102,2362704,1952711,1.7702170091506724,1.4362988432710535,0.33391816587961887,0.19606802932333794,0.14157444054124096,2.746949060787894,2.047862248389982,2.0714896746465246,2.437002702931399,-0.3655130282848744
grid3,3,0,0,4.89848757,2335867,1944261,1.7744278008553396,1.4727795159252046,0.30164828493013496,0.19518180079248482,0.14767099630930527,2.740913629384615,2.008193850332886,2.103714451851287,1.876375533144876,0.2273389187064112
grid3,3,0,1,5.167365389931102,2305203,1933895,1.7396933704856004,1.4020164136076896,0.33767695687791077,0.1926614034773105,0.1374277811918812,2.726583953673969,2.085280040657798,1.9751401938012987,1.8440779957397664,0.1310621980615323
grid3,3,0,2,5.900942202046864,2271566,1920589,1.7324386572017154,1.440679437558866,0.29175921964284934,0.18949775996131168,0.14302165223801402,2.578929734239696,2.204391457713235,1.9935624102500331,1.9366764480709617,0.05688596217907138
grid3,3,0,3,6.953671107405366,2236392,1905244,1.7366993026083335,1.4808774913037432,0.25582181130459025,0.19054555136176923,0.15381006331928349,2.6429135950670637,2.1838406367203094,2.004788345801208,2.1715305133058367,-0.16674216750462856
grid3,3,1,-3,7.143792229339239,2343102,1958384,1.7475858823841093,1.4045611849320354,0.34302469745207387,0.19095963249871375,0.14505565007532745,2.8158116239068534,2.0569062306910957,2.3109196237980276,2.46436992570594,-0.1534503019079123
grid3,3,1,-2,6.123834127236074,2323561,1956003,1.736251282769686,1.3981297059145423,0.33812157685514377,0.19084288511025566,0.1411401494237326,2.8585941506053074,1.9945555202527503,2.015808866963828,1.8698117548804885,0.14599711208333965
grid3,3,1,-1,5.420506491008134,2300549,1950821,1.796487480401724,1.491752437128401,0.3047350432733229,0.2052631951263002,0.14972193155781754,2.829643708077226,2.1132313913197756,2.258853170828133,2.61673614869748,-0.35788297786934686
grid3,3,1,0,5.164823909819968,2274041,1943557,1.7546379188530266,1.4637490579440637,0.2908888609089628,0.1990934004260159,0.1456764967029959,2.6991592905411,2.023792819753788,2.160056480429228,1.98759757104974,0.17245890937948793
grid3,3,1,1,5.420506491008134,2245000,1933649,1.750579453721834,1.4295601773773887,0.32101927634444527,0.19947210845115743,0.14416742169168303,2.631776166616946,2.1079676662270797,2.1869652517404323,1.882165519250604,0.3047997324898284
grid3,3,1,2,6.123834127236074,2212455,1921310,1.7687571213632747,1.4366432590835514,0.3321138622797233,0.20470643041563802,0.1436060777464633,2.7007707771275467,2.105504070262542,2.2466110121417886,1.9912647932720955,0.2553462188696931
grid3,3,1,3,7.143792229339239,2178046,1906442,1.7092646424427278,1.4436808411814914,0.2655838012612364,0.1930519511603116,0.14658341970331223,2.8338152633651394,2.167862630263443,2.1989380140983745,1.8955334852372854,0.30340452886108915
grid3,3,2,-3,7.6859901153968595,2272706,1953903,1.6836072859254767,1.5104555289151835,0.17315175701029317,0.1867714721552496,0.15794859228135522,2.859987943680324,2.20911124945213,2.0732501939127426,1.9217695140193745,0.1514806798933681
grid3,3,2,-2,6.748482870683732,2253747,1951794,1.69336360191706,1.4690027197014535,0.22436088221560646,0.19233333210674203,0.14787357556289663,2.7003181935010265,2.207767390617985,2.0012623934883353,2.5238717270562647,-0.5226093335679294
grid3,3,2,-1,6.117398732882455,2231380,1947479,1.680950996245584,1.4531590091567206,0.2277919870888634,0.19669021596077968,0.14309211348762893,2.749185078352182,2.1260330095668736,1.8924930743969248,1.9801795042071844,-0.08768642981025954
grid3,3,2,0,5.892035527511571,2206396,1941130,1.7239897418589862,1.4758364212316415,0.24815332062734474,0.20115816247750165,0.1499882119286749,2.7105350492422713,2.1057222766949946,2.1635581633632746,2.025210793188771,0.1383473701745035
grid3,3,2,1,6.117398732882455,2177989,1931948,1.6693864719795133,1.4008273610572561,0.26855911092225715,0.18919664809694922,0.14353719756433492,2.7259765462405188,2.0872123154307776,1.984670740720947,2.0214928371548773,-0.03682209643393031
grid3,3,2,2,6.748482870683732,2147629,1920723,1.699568316124418,1.4287029786884489,0.2708653374359691,0.1977651690582473,0.14653571977268784,2.849116040241439,2.035891070020552,2.211293107313881,1.9240399893970086,0.28725311791687225
grid3,3,2,3,7.6859901153968595,2114390,1906853,1.6952362732640853,1.4282509512133008,0.2669853220507845,0.19795882930208672,0.14793617558914035,2.8567546551427023,2.0973371015010778,2.2760243535462044,1.9029276888047681,0.3730966647414362
grid3,3,3,-3,8.51325858787314,2197276,1946669,1.6716485832646792,1.4363734790763116,0.2352751041883676,0.18926911596238108,0.1442909843507504,2.942259164152682,2.283940931782028,2.1022316292970817,2.1528823398408674,-0.05065071054378567
grid3,3,3,-2,7.677444157135192,2179045,1945135,1.7224850167208663,1.4601103147547143,0.262374701966152,0.2027042569861171,0.14360346143749747,2.770331650818341,2.328766584934724,1.604299655072979,2.6192057360026766,-1.0149060809296977
grid3,3,3,-1,7.1290739221226636,2158119,1941766,1.6772690919435005,1.4567128737627364,0.2205562181807641,0.1999915214375299,0.14375107855688785,2.806867006599819,2.243133933263017,2.111141803744298,2.6135268531115132,-0.5023850493672151
grid3,3,3,0,6.936657003735742,2133488,1935771,1.727768029716557,1.430441991817829,0.2973260378987279,0.19910789866348064,0.14179736441426796,2.840623686309658,2.1731929711884006,2.2741489356399742,1.9517990632619886,0.3223498723779856
grid3,3,3,1,7.1290739221226636,2105670,1927763,1.6618599657942013,1.3968594389623394,0.2650005268318618,0.1968230050546558,0.14016523494720626,2.922005948599225,2.1269266992412557,2.281508171685852,1.834132936312415,0.4473752353734368
grid3,3,3,2,7.677444157135192,2076411,1917702,1.6734136542507367,1.3635021683623643,0.3099114858883725,0.19765655822944952,0.13515760979784983,2.987722504838634,2.092515618642091,2.310417984547609,1.8668094660848367,0.44360851846277227
grid3,3,3,3,8.51325858787314,2044425,1904342,1.6508845625870876,1.4262516157235177,0.22463294686356994,0.1951797731937751,0.14930199409427503,2.9643378487936767,2.111983750306471,2.242275056286805,1.9202881074133333,0.32198694887347146
axis0,-10,0,0,16.3282919,2314183,1755231,1.6076540748638664,1.5664030356117684,0.04125103925209794,0.16349038358442977,0.15118457579800687,2.5379561047726673,2.539679794413443,2.0104784001358245,2.3062971418516978,-0.2958187417158733
axis0,-9,0,0,14.695462710000001,2326126,1787849,1.6624738917163828,1.5440021703328033,0.11847172138357953,0.16906277650799637,0.14280339317879978,2.511775295554649,2.5534179294032215,1.9034715753110636,2.1305753581010873,-0.22710378279002374
axis0,-8,0,0,13.06263352,2337351,1818068,1.6649031377466346,1.5704246495746352,0.09447848817199933,0.16638292931164325,0.1485484484171234,2.591892028680921,2.6059157403682156,1.8639039042869368,2.06391708676225,-0.20001318247531308
axis0,-7,0,0,11.42980433,2347043,1846106,1.622376290291244,1.487849497097332,0.13452679319391203,0.1659199733901596,0.13432749522497656,2.6048214751811507,2.580674557287219,1.8907579191830637,1.8276994776013054,0.06305844158175833
axis0,-6,0,0,9.79697514,2354047,1871811,1.6255388657839194,1.5371978943090123,0.08834097147490705,0.16652180882821568,0.14287624431091328,2.6992846532429913,2.536460836448542,1.934343761367806,1.6409142604977986,0.2934295008700074
axis0,-5,0,0,8.16414595,2360438,1894559,1.620996042548884,1.5454502531235224,0.07554578942536172,0.1673382186974129,0.14892795345824347,2.798506327465595,2.5619722881433074,1.9347360905150006,1.6550522711772984,0.27968381933770226
axis0,-4,0,0,6.53131676,2364355,1913125,1.5971259510845432,1.4555883026476755,0.14153764843686778,0.1635434872241688,0.1359711977881874,2.924052856467411,2.43311902224277,1.980511813981786,1.7143364678590673,0.26617534612271876
axis0,-3,0,0,4.89848757,2367212,1928732,1.593591118165901,1.4439086174375353,0.14968250072836575,0.16285478613401597,0.13437768411535506,2.905217088272074,2.3695719132905704,1.7949997359755503,1.7160146150123525,0.07898512096319776
axis0,-2,0,0,3.26565838,2367250,1939834,1.6385658307157946,1.4890926728838976,0.14947315783189707,0.16578099958428638,0.14001156409353807,2.8176265869994896,2.28226165199043,2.085704674083566,1.9541885273278885,0.13151614675567758
axis0,-1,0,0,1.63282919,2365304,1947375,1.6728072207479523,1.4128158204061343,0.259991400341818,0.16704853589757854,0.13140852725767882,2.8108600532192973,2.295308040021112,2.10854479159898,1.7013410605520911,0.4072037310468888
axis0,1,0,0,1.63282919,2355278,1951191,1.7234851840868282,1.3524965215477225,0.3709886625391057,0.17959329038636374,0.1279764132473477,2.6339696660085603,2.0792625897530357,1.944330035863845,1.7982943067854862,0.1460357290783587
axis0,2,0,0,3.26565838,2346986,1948609,1.7595016204081926,1.3931428905311483,0.3663587298770443,0.18805890651241042,0.1347788566754449,2.6178740476646016,2.0261260725693457,1.9893456896120452,1.8440292619967786,0.14531642761526653
axis0,3,0,0,4.89848757,2335867,1944261,1.7744278008553396,1.4727795159252046,0.30164828493013496,0.19518180079248482,0.14767099630930527,2.740913629384615,2.008193850332886,2.103714451851287,1.876375533144876,0.2273389187064112
axis0,4,0,0,6.53131676,2322919,1938396,1.7813948464594243,1.443861704058428,0.3375331424009962,0.1976524608759199,0.14804287676446945,2.7101778435411923,2.02949095621125,2.1501911944892718,1.9414799476960392,0.2087112467932326
axis0,5,0,0,8.16414595,2308653,1931154,1.7499996517796967,1.4305929055578486,0.31940674622184817,0.19547731459516712,0.15227294344268147,2.7103438999714022,2.0489938361369315,2.070289555452534,1.8931450639118226,0.17714449154071144
axis0,6,0,0,9.79697514,2293411,1923670,1.8008232945223144,1.4318898605317358,0.36893343399057854,0.20445465622553727,0.1555792123567547,2.7964439441132853,2.127551831563879,2.495644497279154,2.0242334685619383,0.4714110287172155
axis0,7,0,0,11.42980433,2275945,1915857,1.851650810907396,1.3460608163780141,0.5055899945293818,0.21016757684330864,0.15077023196173972,2.8161944981549945,2.0677423474967225,2.6430230465550744,1.7934248255953869,0.8495982209596875
axis0,8,0,0,13.06263352,2256779,1907971,1.752571872984471,1.3831650942514992,0.3694067787329718,0.1961295870368983,0.1566483435294906,2.796111236927635,2.049029939773711,2.0649767061048263,1.8632701483918008,0.20170655771302548
axis0,9,0,0,14.695462710000001,2236929,1899007,1.7272179290526946,1.3898597683260423,0.33735816072665226,0.19403060587093998,0.15630231338444064,2.829814730864165,2.05630393017784,1.8358568125854084,1.8919401926258896,-0.05608338004048119
axis0,10,0,0,16.3282919,2215424,1891228,1.7003862882188825,1.3986759946803144,0.30171029353856804,0.2006771246847235,0.16081942977904076,2.853002214364721,2.1471373988774523,1.7683149431430303,1.8603206901961193,-0.09200574705308906
axis1,0,-10,0,16.3713944,2539548,1820354,1.6567847061073548,1.5660360127903152,0.09074869331703961,0.18791883253465658,0.17191875390397116,2.4181833835839273,1.975216933967997,2.467561416924905,1.7673526763468348,0.7002087405780704
axis1,0,-9,0,14.73425496,2547767,1845474,1.651440723648922,1.5030449515862427,0.14839577206267918,0.18272803184025738,0.16238742308508286,2.426106626193575,2.0507709929027738,2.5188771307298885,1.736631795365734,0.7822453353641545
axis1,0,-8,0,13.09711552,2552619,1866778,1.598014004743441,1.5189390128477607,0.07907499189568035,0.17768965463839215,0.16115216910090285,2.621095479169478,2.079447581141797,2.070781857095089,1.813201161569444,0.2575806955256448
axis1,0,-7,0,11.459976079999999,2553360,1886480,1.6381309105847692,1.479545748081638,0.15858516250313115,0.17328621332793573,0.15445772250610296,2.7079479206508883,2.150481638352344,2.1231551881220847,1.4722254938625745,0.6509296942595102
axis1,0,-6,0,9.822836639999998,2550054,1903679,1.655531462034093,1.5087612595635786,0.14677020247051442,0.16907524552893044,0.15365733055443317,2.729227050054542,2.231669735643697,1.976374178339207,1.433421198567691,0.542952979771516
axis1,0,-5,0,8.1856972,2538967,1917242,1.6582177022039506,1.4393482957430206,0.21886940646093,0.1683467628489441,0.14649952113006823,2.7962308389061796,2.2624366544208883,2.0023740085926645,1.6136094716026144,0.3887645369900501
axis1,0,-4,0,6.54855776,2520775,1929346,1.669727069860765,1.4604206647046036,0.20930640515616128,0.1659577901485349,0.14348146938003994,2.7500443790891533,2.2296982804683476,2.0618682064015665,1.505200382071272,0.5566678243302945
axis1,0,-3,0,4.911418319999999,2494508,1937705,1.7506851447018776,1.446533953556184,0.30415119114569356,0.17915353319741453,0.14586987833151724,2.7197957703016424,2.1767118022760226,1.9680526918397145,1.59870508061953,0.36934761122018456
axis1,0,-2,0,3.27427888,2459499,1944619,1.755417071211481,1.4392465517033168,0.3161705195081641,0.18071195338191998,0.141980619505238,2.7865781195469865,2.127549687691693,2.0811769751439266,1.6616650189638797,0.4195119561800469
axis1,0,-1,0,1.63713944,2414559,1948048,1.7153621386378883,1.3982315786331965,0.31713056000469186,0.17474399306981922,0.13250724333943936,2.8010479741664347,2.197584015491691,2.1335972433597816,1.7041842727936989,0.42941297056608274
axis1,0,1,0,1.63713944,2299881,1949357,1.7109511273401588,1.4097881402626777,0.301162987077481,0.1802525360047342,0.13322086039005268,2.79772266948544,2.2143370060695347,1.918194381218106,1.7694870953503614,0.1487072858677445
axis1,0,2,0,3.27427888,2231628,1944361,1.7237949066648963,1.4001409980203425,0.3236539086445538,0.19075719294041074,0.13372046266981918,2.821826888015132,2.2379957359064417,1.982080195459933,1.860152312770199,0.12192788268973387
axis1,0,3,0,4.911418319999999,2158580,1937015,1.6980758904242932,1.4946696678261469,0.20340622259814634,0.20361612429483086,0.1460472190724803,2.8259913132743026,2.245849705784028,1.8375584466521144,2.1390499355230825,-0.3014914888709681
axis1,0,4,0,6.54855776,2080929,1927228,1.56265517509602,1.4586678270574536,0.10398734803856646,0.20013464102047643,0.13900252920085446,2.8284887742687297,2.1938016364101984,2.1152749340786583,2.0552676028587222,0.060007331219936066
axis1,0,5,0,8.1856972,2000177,1914527,1.5685065063606423,1.4477320439640096,0.1207744623966327,0.20201012188650488,0.13610793339570085,2.8321920891457477,2.2944910179688307,1.8669235911446824,1.9527001446296384,-0.08577655348495594
axis1,0,6,0,9.822836639999998,1918989,1899397,1.4494154308384621,1.4237480580659676,0.025667372772494534,0.1858828306750242,0.13284338576067836,2.9136943935293904,2.1750756178646777,1.8149458727234316,1.8995758273845034,-0.08462995466107182
axis1,0,7,0,11.459976079999999,1835668,1882096,1.5476558262424736,1.4503167957562468,0.09733903048622672,0.20243336438015114,0.13462658119707535,3.0522844837963423,2.2110792455305623,2.0764683828452606,1.921876537088893,0.15459184575636753
axis1,0,8,0,13.09711552,1752628,1862585,1.5412272139006324,1.4277786858123447,0.11344852808828776,0.20185015107618773,0.13697356894310275,3.1493898116798795,2.31700251890141,2.0098189682384064,4.660188121850722,-2.6503691536123157
axis1,0,9,0,14.73425496,1670136,1841494,1.5214416035313847,1.4538266874593702,0.06761491607201453,0.20516324418535112,0.1372399911838756,3.2320585614547688,2.428727872215853,2.225101648821433,4.906979304330599,-2.6818776555091657
axis1,0,10,0,16.3713944,1589530,1817337,1.4476167995658664,1.4287011659714048,0.01891563359446158,0.20882281282471363,0.13254794371992384,3.2762058632937143,2.4566273265249463,3.1700452664038212,4.069286817560367,-0.8992415511565457
axis2,0,0,-10,16.4513969,2447806,1869311,1.5265212442616873,1.3760071942855396,0.1505140499761477,0.14080981326442527,0.13751099667624578,3.188806121368188,2.0664593128398967,2.0374350003392743,1.5569403666270631,0.4804946337122111
axis2,0,0,-9,14.80625721,2450486,1888548,1.527817196836918,1.368948432942824,0.158868763894094,0.14268053699821615,0.13304639276447833,3.097160444138451,2.13629778269143,1.995476429904104,1.5866563035984373,0.40882012630566655
axis2,0,0,-8,13.16111752,2452544,1906358,1.5689319479510773,1.376121086973407,0.1928108609776702,0.15282061078578374,0.12981053268016626,3.1028595091438005,1.9634106637319677,1.9330057768283742,1.640687505010171,0.29231827181820313
axis2,0,0,-7,11.515977829999999,2452457,1922448,1.6108112771027565,1.445551631576556,0.16525964552620054,0.1587972176304265,0.14387824534749866,2.9714565253998333,1.9828230366971769,2.045201883851859,1.7323448536421246,0.3128570302097342
axis2,0,0,-6,9.87083814,2449982,1935992,1.610819009334789,1.4514203222689555,0.1593986870658335,0.15839098080944525,0.14156767769611084,2.823177912445455,2.0746327417176307,2.047008644628381,1.663561668810678,0.3834469758177028
axis2,0,0,-5,8.22569845,2444653,1945991,1.6655535441160498,1.3934645122676605,0.2720890318483893,0.1752684942279969,0.1343257735860026,2.9111224879895157,2.1217061747886268,2.101530043832812,1.7225623228469396,0.3789677209858724
axis2,0,0,-4,6.58055876,2435539,1952871,1.6606710784048309,1.3497337992482543,0.31093727915657654,0.17259746210411478,0.1262446704280076,3.0067765266570907,2.159341748368069,2.090743825451766,1.7892557458324208,0.3014880796193451
axis2,0,0,-3,4.93541907,2422386,1957187,1.6654346836799863,1.3996888770628462,0.2657458066171401,0.17215801529176097,0.13110146152162275,2.9716314422208927,2.18384262721987,1.982250470738005,1.7574189489549996,0.22483152178300547
axis2,0,0,-2,3.29027938,2405588,1958511,1.7237870609689683,1.3799718212534327,0.3438152397155356,0.17834936399645898,0.12712236775136704,2.7322155641573906,2.2588119060979253,2.0640673543139587,1.7476936622615171,0.3163736920524416
axis2,0,0,-1,1.64513969,2385732,1955349,1.7037636175269777,1.4135109889098811,0.29025262861709655,0.17278517096028725,0.13089185701835646,2.707772792614933,2.2633565714167903,2.1145691861602924,1.7880685082599173,0.3265006779003752
axis2,0,0,1,1.64513969,2333549,1941882,1.7006863481251533,1.3921500002100116,0.30853634791514173,0.1737718849848209,0.13541006052133683,2.69648400963095,2.2039723965215017,1.9565292279277169,1.73109231041193,0.22543691751578687
axis2,0,0,2,3.29027938,2302651,1931404,1.714576934161612,1.4117835286799936,0.30279340548161837,0.1817045613690247,0.1402208163310853,2.7550840209737495,2.1470835547028053,1.993820977353708,1.6319888801185973,0.36183209723511056
axis2,0,0,3,4.93541907,2269756,1916463,1.7228401026438733,1.4779919940950716,0.24484810854880168,0.179336519245126,0.14589737982462064,2.6941549871674346,2.217059478849164,1.9832887686448615,1.667313897474514,0.3159748711703474
axis2,0,0,4,6.58055876,2234813,1897847,1.7082580442818114,1.5432026599462696,0.1650553843355418,0.18085407683385346,0.15567256821876185,2.7539985212405558,2.1907642870578847,2.030949417202889,1.772262662265415,0.25868675493747384
axis2,0,0,5,8.22569845,2198028,1878162,1.6906957210792524,1.539039231281642,0.15165648979761026,0.17865787838336647,0.15916991629888447,2.6756308422737844,2.2001366443008865,2.0299253387404703,1.786832009678776,0.24309332906169434
axis2,0,0,6,9.87083814,2161317,1855952,1.6612569203725576,1.553716891533053,0.10754002883950453,0.17737897807215247,0.16012193513670964,2.7954009744414665,2.114043333502667,2.1086930014999643,1.751846713981246,0.3568462875187184
axis2,0,0,7,11.515977829999999,2124269,1831483,1.6801944849634254,1.5976727826113153,0.0825217023521101,0.18131412116822856,0.1695821385349027,2.853880189530766,2.114850281220907,2.160513901268856,1.7108340110095854,0.44967989025927046
axis2,0,0,8,13.16111752,2086879,1804694,1.6618693789510028,1.5627388144929233,0.09913056445807955,0.18005375056572312,0.16307202204294519,2.888263971385546,2.0028192883136966,2.223973554666357,1.7683705721511571,0.4556029825151997
axis2,0,0,9,14.80625721,2050578,1775277,1.6988582853294398,1.5986760233640283,0.10018226196541158,0.18891239496313794,0.1742909892995174,2.852639519183831,1.9720467573027736,2.234973369345974,1.8408473743081488,0.3941259950378251
axis2,0,0,10,16.4513969,2014126,1745284,1.694969239041535,1.6498008275803793,0.04516841146115569,0.18805016066142527,0.18443014466712848,2.8749943568961944,1.9869755742963993,2.2426751375913048,2.094239025301256,0.1484361122900486
